# Blender 4.2.1 LTS
# www.blender.org
o Cube
v -1 -1 1
v -1 1 1
v 1 0.991468 -0.815463
v -1 -1 -1
v 1 0.965946 -0.632501
v -1 1 -1
v 1 0.923651 -0.452674
v 1 0.864944 -0.277517
v 1 -1 1
v 1 0.790327 -0.108523
v 1 1 1
v 1 0.700434 0.052864
v 1 1 -1
v 1 0.596034 0.205269
v 1 0.478018 0.347391
v 1 0.347391 0.478018
v 1 0.205269 0.596034
v 1 0.052864 0.700434
v 1 -0.108523 0.790327
v 1 -0.277517 0.864944
v 1 -0.452674 0.923651
v 1 -0.632501 0.965946
v 1 -0.815463 0.991468
v 0.815463 -1 0.991468
v 0.982973 0.991468 -0.816250
v 0.966092 0.965946 -0.634069
v 0.949499 0.923651 -0.455009
v 0.933338 0.864944 -0.280599
v 0.917745 0.790327 -0.112326
v 0.902854 0.700434 0.048373
v 0.888792 0.596034 0.200127
v 0.875678 0.478018 0.341643
v 0.863626 0.347391 0.471713
v 0.852737 0.205269 0.589226
v 0.843104 0.052864 0.693180
v 0.834809 -0.108523 0.782690
v 0.827925 -0.277517 0.856988
v 0.822508 -0.452674 0.915445
v 0.818605 -0.632501 0.957560
v 0.816251 -0.815463 0.982973
v 0.632501 -1 0.965946
v 0.966091 0.991468 -0.818605
v 0.932472 0.965946 -0.638758
v 0.899429 0.923651 -0.461993
v 0.867244 0.864944 -0.289819
v 0.836192 0.790327 -0.123702
v 0.806537 0.700434 0.034937
v 0.778532 0.596034 0.184747
v 0.752418 0.478018 0.324449
v 0.728415 0.347391 0.452852
v 0.706730 0.205269 0.568858
v 0.687546 0.052864 0.671481
v 0.671028 -0.108523 0.759843
v 0.657317 -0.277517 0.833190
v 0.646530 -0.452674 0.890897
v 0.638758 -0.632501 0.932472
v 0.634069 -0.815463 0.957559
v 0.452674 -1 0.923651
v 0.949499 0.991468 -0.822508
v 0.899429 0.965946 -0.646530
v 0.850217 0.923651 -0.473568
v 0.802283 0.864944 -0.305097
v 0.756036 0.790327 -0.142555
v 0.711870 0.700434 0.012672
v 0.670162 0.596034 0.159258
v 0.631269 0.478018 0.295955
v 0.595521 0.347391 0.421595
v 0.563225 0.205269 0.535106
v 0.534654 0.052864 0.635521
v 0.510054 -0.108523 0.721982
v 0.489634 -0.277517 0.793751
v 0.473568 -0.452674 0.850217
v 0.461993 -0.632501 0.890897
v 0.455009 -0.815463 0.915445
v 0.277517 -1 0.864944
v 0.933338 0.991468 -0.827924
v 0.867244 0.965946 -0.657318
v 0.802283 0.923651 -0.489634
v 0.739009 0.864944 -0.326305
v 0.677961 0.790327 -0.168723
v 0.619662 0.700434 -0.018234
v 0.564607 0.596034 0.123880
v 0.513266 0.478018 0.256404
v 0.466078 0.347391 0.378210
v 0.423446 0.205269 0.488257
v 0.385732 0.052864 0.585607
v 0.353259 -0.108523 0.669430
v 0.326305 -0.277517 0.739008
v 0.305097 -0.452674 0.793751
v 0.289818 -0.632501 0.833190
v 0.280599 -0.815463 0.856988
v 0.108523 -1 0.790327
v 0.917745 0.991468 -0.834809
v 0.836192 0.965946 -0.671028
v 0.756036 0.923651 -0.510054
v 0.677962 0.864944 -0.353260
v 0.602635 0.790327 -0.201983
v 0.530698 0.700434 -0.057515
v 0.462765 0.596034 0.078912
v 0.399416 0.478018 0.206135
v 0.341191 0.347391 0.323067
v 0.288586 0.205269 0.428711
v 0.242051 0.052864 0.522166
v 0.201983 -0.108523 0.602635
v 0.168723 -0.277517 0.669429
v 0.142555 -0.452674 0.721982
v 0.123703 -0.632501 0.759842
v 0.112327 -0.815463 0.782689
v -0.052864 -1 0.700434
v 0.902854 0.991468 -0.843104
v 0.806537 0.965946 -0.687546
v 0.711870 0.923651 -0.534654
v 0.619662 0.864944 -0.385733
v 0.530698 0.790327 -0.242051
v 0.445739 0.700434 -0.104837
v 0.365508 0.596034 0.024740
v 0.290690 0.478018 0.145575
v 0.221924 0.347391 0.256636
v 0.159796 0.205269 0.356975
v 0.104837 0.052864 0.445738
v 0.057514 -0.108523 0.522167
v 0.018234 -0.277517 0.585607
v -0.012672 -0.452674 0.635521
v -0.034937 -0.632501 0.671481
v -0.048373 -0.815463 0.693180
v -0.205269 -1 0.596034
v 0.888792 0.991468 -0.852736
v 0.778533 0.965946 -0.706730
v 0.670163 0.923651 -0.563225
v 0.564607 0.864944 -0.423446
v 0.462765 0.790327 -0.288586
v 0.365508 0.700434 -0.159797
v 0.273663 0.596034 -0.038175
v 0.188016 0.478018 0.075241
v 0.109295 0.347391 0.179484
v 0.038175 0.205269 0.273662
v -0.024740 0.052864 0.356975
v -0.078913 -0.108523 0.428712
v -0.123880 -0.277517 0.488257
v -0.159259 -0.452674 0.535107
v -0.184747 -0.632501 0.568858
v -0.200127 -0.815463 0.589225
v -0.347391 -1 0.478018
v 0.875678 0.991468 -0.863626
v 0.752418 0.965946 -0.728415
v 0.631269 0.923651 -0.595521
v 0.513266 0.864944 -0.466079
v 0.399416 0.790327 -0.341191
v 0.290690 0.700434 -0.221924
v 0.188016 0.596034 -0.109296
v 0.092269 0.478018 -0.004266
v 0.004266 0.347391 0.092268
v -0.075241 0.205269 0.179483
v -0.145575 0.052864 0.256636
v -0.206135 -0.108523 0.323067
v -0.256405 -0.277517 0.378210
v -0.295955 -0.452675 0.421595
v -0.324449 -0.632501 0.452851
v -0.341643 -0.815463 0.471712
v -0.478018 -1 0.347391
v 0.863626 0.991468 -0.875678
v 0.728415 0.965946 -0.752418
v 0.595521 0.923651 -0.631269
v 0.466079 0.864944 -0.513266
v 0.341191 0.790327 -0.399416
v 0.221924 0.700434 -0.290690
v 0.109295 0.596034 -0.188016
v 0.004266 0.478018 -0.092269
v -0.092268 0.347391 -0.004266
v -0.179483 0.205269 0.075241
v -0.256636 0.052864 0.145575
v -0.323067 -0.108524 0.206135
v -0.378210 -0.277517 0.256404
v -0.421595 -0.452675 0.295955
v -0.452851 -0.632502 0.324449
v -0.471712 -0.815463 0.341643
v -0.596034 -1 0.205269
v 0.852736 0.991468 -0.888792
v 0.706730 0.965946 -0.778532
v 0.563225 0.923651 -0.670163
v 0.423446 0.864944 -0.564607
v 0.288586 0.790327 -0.462765
v 0.159797 0.700434 -0.365508
v 0.038175 0.596034 -0.273663
v -0.075241 0.478018 -0.188016
v -0.179484 0.347391 -0.109295
v -0.273663 0.205269 -0.038175
v -0.356975 0.052864 0.024740
v -0.428712 -0.108524 0.078913
v -0.488257 -0.277518 0.123880
v -0.535106 -0.452675 0.159259
v -0.568858 -0.632502 0.184747
v -0.589225 -0.815463 0.200127
v -0.700434 -1 0.052864
v 0.843104 0.991468 -0.902854
v 0.687546 0.965946 -0.806537
v 0.534654 0.923651 -0.711870
v 0.385733 0.864944 -0.619662
v 0.242051 0.790327 -0.530698
v 0.104837 0.700434 -0.445739
v -0.024740 0.596034 -0.365508
v -0.145575 0.478018 -0.290690
v -0.256636 0.347391 -0.221924
v -0.356975 0.205269 -0.159797
v -0.445738 0.052864 -0.104837
v -0.522166 -0.108524 -0.057514
v -0.585607 -0.277518 -0.018234
v -0.635521 -0.452675 0.012672
v -0.671480 -0.632502 0.034937
v -0.693180 -0.815463 0.048372
v 0.834809 0.991468 -0.917745
v 0.671029 0.965946 -0.836192
v 0.510054 0.923651 -0.756036
v 0.353260 0.864944 -0.677962
v 0.201983 0.790327 -0.602635
v 0.057515 0.700434 -0.530698
v -0.078912 0.596034 -0.462766
v -0.206135 0.478018 -0.399417
v -0.323067 0.347391 -0.341191
v -0.428711 0.205269 -0.288587
v -0.522166 0.052864 -0.242052
v -0.602635 -0.108524 -0.201983
v -0.669429 -0.277518 -0.168723
v -0.721982 -0.452675 -0.142555
v -0.759842 -0.632502 -0.123703
v -0.782688 -0.815464 -0.112327
v 0.827925 0.991468 -0.933338
v 0.657318 0.965946 -0.867244
v 0.489634 0.923651 -0.802283
v 0.326305 0.864944 -0.739009
v 0.168723 0.790327 -0.677962
v 0.018234 0.700434 -0.619662
v -0.123880 0.596034 -0.564607
v -0.256404 0.478018 -0.513267
v -0.378210 0.347391 -0.466078
v -0.488257 0.205269 -0.423446
v -0.585607 0.052864 -0.385733
v -0.669430 -0.108524 -0.353259
v -0.739008 -0.277518 -0.326305
v -0.793751 -0.452675 -0.305097
v -0.833189 -0.632502 -0.289819
v -0.856988 -0.815464 -0.280599
v 0.822508 0.991468 -0.949499
v 0.646530 0.965946 -0.899429
v 0.473568 0.923651 -0.850217
v 0.305097 0.864944 -0.802283
v 0.142555 0.790327 -0.756036
v -0.012671 0.700434 -0.711870
v -0.159258 0.596034 -0.670163
v -0.295955 0.478018 -0.631269
v -0.421595 0.347391 -0.595521
v -0.535106 0.205269 -0.563225
v -0.635521 0.052864 -0.534654
v -0.721982 -0.108524 -0.510054
v -0.793750 -0.277518 -0.489634
v -0.850217 -0.452675 -0.473568
v -0.890896 -0.632502 -0.461994
v -0.915444 -0.815464 -0.455009
v 0.818605 0.991468 -0.966091
v 0.638759 0.965946 -0.932472
v 0.461993 0.923651 -0.899429
v 0.289819 0.864944 -0.867244
v 0.123702 0.790327 -0.836192
v -0.034937 0.700434 -0.806537
v -0.184747 0.596034 -0.778533
v -0.324448 0.478018 -0.752418
v -0.452852 0.347391 -0.728415
v -0.568858 0.205269 -0.706730
v -0.671480 0.052864 -0.687546
v -0.759843 -0.108524 -0.671028
v -0.833189 -0.277518 -0.657318
v -0.890897 -0.452675 -0.646530
v -0.932471 -0.632502 -0.638759
v -0.957559 -0.815464 -0.634069
v 0.816250 0.991468 -0.982973
v 0.634069 0.965946 -0.966091
v 0.455009 0.923651 -0.949499
v 0.280599 0.864944 -0.933338
v 0.112326 0.790327 -0.917745
v -0.048372 0.700434 -0.902854
v -0.200127 0.596034 -0.888792
v -0.341642 0.478018 -0.875679
v -0.471713 0.347391 -0.863626
v -0.589225 0.205269 -0.852737
v -0.693180 0.052864 -0.843104
v -0.782689 -0.108524 -0.834810
v -0.856988 -0.277518 -0.827925
v -0.915445 -0.452675 -0.822508
v -0.957558 -0.632502 -0.818606
v -0.982972 -0.815464 -0.816251
v 0.815463 0.991468 -1
v 0.632501 0.965946 -1
v 0.452674 0.923651 -1
v 0.277517 0.864944 -1
v 0.108523 0.790327 -1
v -0.052863 0.700434 -1
v -0.205269 0.596034 -1
v -0.347390 0.478018 -1
v -0.478018 0.347391 -1
v -0.596033 0.205269 -1
v -0.700433 0.052864 -1
v -0.790327 -0.108524 -1
v -0.864943 -0.277518 -1
v -0.923651 -0.452675 -1
v -0.965945 -0.632502 -1
v -0.991467 -0.815464 -1
v -0.991468 -1 -0.815463
v -0.864944 -1 -0.277517
v -0.790326 -1 -0.108523
v -0.965946 -1 -0.632501
v -0.923651 -1 -0.452674
vn -1 -0 -0
vn -0 -0 -1
vn 1 -0 -0
vn -0 -0 1
vn -0 -1 -0
vn -0 1 -0
vn 0.0861 -0.3608 -0.9287
vn 0.0888 -0.2733 -0.9578
vn 0.1768 -0.2733 -0.9455
vn 0.1714 -0.3608 -0.9168
vn 0.0919 -0.0921 -0.9915
vn 0.0460 -0.0920 -0.9947
vn 0.0461 -0.0461 -0.9979
vn 0.0922 -0.0462 -0.9947
vn 0.0907 -0.1835 -0.9788
vn 0.0454 -0.1833 -0.9820
vn 0.0444 -0.2730 -0.9610
vn 0.0431 -0.3604 -0.9318
vn 0.0826 -0.4452 -0.8916
vn 0.0414 -0.4448 -0.8947
vn 0.0785 -0.5258 -0.8470
vn 0.0393 -0.5254 -0.8499
vn 0.0737 -0.6020 -0.7951
vn 0.0369 -0.6016 -0.7980
vn 0.0682 -0.6730 -0.7365
vn 0.0342 -0.6726 -0.7392
vn 0.0622 -0.7383 -0.6716
vn 0.0312 -0.7380 -0.6741
vn 0.0557 -0.7974 -0.6009
vn 0.0279 -0.7971 -0.6033
vn 0.0487 -0.8496 -0.5252
vn 0.0244 -0.8494 -0.5273
vn 0.0412 -0.8946 -0.4449
vn 0.0207 -0.8944 -0.4467
vn 0.0334 -0.9320 -0.3609
vn 0.0168 -0.9319 -0.3624
vn 0.0254 -0.9615 -0.2737
vn 0.0127 -0.9614 -0.2749
vn 0.0171 -0.9827 -0.1843
vn 0.0086 -0.9827 -0.1851
vn 0.0086 -0.9956 -0.0932
vn 0.0043 -0.9956 -0.0936
vn 0.1645 -0.4452 -0.8802
vn 0.2552 -0.3608 -0.8970
vn 0.2450 -0.4452 -0.8612
vn 0.1109 -0.7974 -0.5932
vn 0.0969 -0.8496 -0.5184
vn 0.1806 -0.1835 -0.9663
vn 0.1239 -0.7383 -0.6630
vn 0.1830 -0.0921 -0.9788
vn 0.1359 -0.6730 -0.7270
vn 0.0340 -0.9827 -0.1819
vn 0.0172 -0.9956 -0.0920
vn 0.1851 -0.9827 -0.0086
vn 0.1843 -0.9827 -0.0171
vn 0.2737 -0.9615 -0.0254
vn 0.2749 -0.9614 -0.0127
vn 0.1467 -0.6020 -0.7849
vn 0.0505 -0.9615 -0.2702
vn 0.1563 -0.5258 -0.8361
vn 0.0666 -0.9320 -0.3562
vn 0.0821 -0.8946 -0.4392
vn 0.2328 -0.5258 -0.8181
vn 0.3235 -0.4452 -0.8350
vn 0.3073 -0.5258 -0.7932
vn 0.1443 -0.8496 -0.5073
vn 0.1223 -0.8946 -0.4298
vn 0.2632 -0.2733 -0.9252
vn 0.1652 -0.7974 -0.5805
vn 0.2690 -0.1835 -0.9455
vn 0.1846 -0.7383 -0.6487
vn 0.2725 -0.0921 -0.9577
vn 0.2024 -0.6730 -0.7114
vn 0.0506 -0.9827 -0.1780
vn 0.0256 -0.9956 -0.0900
vn 0.3609 -0.9320 -0.0334
vn 0.3624 -0.9319 -0.0168
vn 0.2185 -0.6020 -0.7680
vn 0.0752 -0.9615 -0.2644
vn 0.0992 -0.9320 -0.3486
vn 0.2885 -0.6020 -0.7446
vn 0.3791 -0.5258 -0.7614
vn 0.3559 -0.6020 -0.7148
vn 0.1614 -0.8946 -0.4167
vn 0.1309 -0.9320 -0.3379
vn 0.3369 -0.3608 -0.8697
vn 0.1905 -0.8496 -0.4918
vn 0.3475 -0.2733 -0.8970
vn 0.2180 -0.7974 -0.5627
vn 0.3551 -0.1835 -0.9166
vn 0.2436 -0.7383 -0.6289
vn 0.3597 -0.0921 -0.9285
vn 0.2672 -0.6730 -0.6897
vn 0.0669 -0.9827 -0.1726
vn 0.0338 -0.9956 -0.0873
vn 0.4449 -0.8946 -0.0412
vn 0.4467 -0.8944 -0.0207
vn 0.0993 -0.9615 -0.2564
vn 0.3297 -0.6730 -0.6621
vn 0.4204 -0.6020 -0.6789
vn 0.3894 -0.6730 -0.6288
vn 0.1615 -0.9320 -0.3244
vn 0.1225 -0.9615 -0.2461
vn 0.3991 -0.4452 -0.8016
vn 0.1992 -0.8946 -0.4
vn 0.4157 -0.3608 -0.8349
vn 0.2351 -0.8496 -0.4721
vn 0.4288 -0.2733 -0.8611
vn 0.2690 -0.7974 -0.5402
vn 0.4382 -0.1835 -0.8800
vn 0.3006 -0.7383 -0.6037
vn 0.4438 -0.0921 -0.8914
vn 0.0825 -0.9827 -0.1657
vn 0.0417 -0.9956 -0.0838
vn 0.5252 -0.8496 -0.0487
vn 0.5273 -0.8494 -0.0244
vn 0.3550 -0.7383 -0.5734
vn 0.4457 -0.6730 -0.5902
vn 0.4064 -0.7383 -0.5382
vn 0.1447 -0.9615 -0.2337
vn 0.0974 -0.9827 -0.1573
vn 0.4478 -0.5258 -0.7232
vn 0.1908 -0.9320 -0.3081
vn 0.4714 -0.4452 -0.7613
vn 0.2352 -0.8946 -0.3799
vn 0.4910 -0.3608 -0.7930
vn 0.2776 -0.8496 -0.4484
vn 0.5064 -0.2733 -0.8178
vn 0.3177 -0.7974 -0.5131
vn 0.5175 -0.1835 -0.8358
vn 0.5242 -0.0921 -0.8466
vn 0.0493 -0.9956 -0.0796
vn 0.9947 -0.0921 -0.0460
vn 0.9915 -0.0921 -0.0919
vn 0.9947 -0.0462 -0.0922
vn 0.9979 -0.0461 -0.0461
vn 0.3637 -0.7974 -0.4816
vn 0.4544 -0.7383 -0.4984
vn 0.4066 -0.7974 -0.4460
vn 0.1115 -0.9827 -0.1477
vn 0.0564 -0.9956 -0.0747
vn 0.9788 -0.1835 -0.0907
vn 0.9820 -0.1833 -0.0454
vn 0.4812 -0.6020 -0.6372
vn 0.1657 -0.9615 -0.2194
vn 0.5126 -0.5258 -0.6788
vn 0.2184 -0.9320 -0.2892
vn 0.5396 -0.4452 -0.7146
vn 0.2693 -0.8946 -0.3566
vn 0.5620 -0.3608 -0.7443
vn 0.3178 -0.8496 -0.4209
vn 0.5797 -0.2733 -0.7676
vn 0.5924 -0.1835 -0.7845
vn 0.6001 -0.0921 -0.7946
vn 0.3553 -0.8496 -0.3898
vn 0.4460 -0.7974 -0.4066
vn 0.3898 -0.8496 -0.3553
vn 0.6708 -0.0921 -0.7359
vn 0.6623 -0.1835 -0.7265
vn 0.4983 -0.6730 -0.5466
vn 0.1247 -0.9827 -0.1368
vn 0.0631 -0.9956 -0.0692
vn 0.9578 -0.2733 -0.0888
vn 0.9610 -0.2730 -0.0444
vn 0.5380 -0.6020 -0.5901
vn 0.1852 -0.9615 -0.2032
vn 0.5730 -0.5258 -0.6286
vn 0.2442 -0.9320 -0.2678
vn 0.6033 -0.4452 -0.6617
vn 0.3010 -0.8946 -0.3302
vn 0.6283 -0.3608 -0.6892
vn 0.6480 -0.2733 -0.7109
vn 0.3302 -0.8946 -0.3010
vn 0.4209 -0.8496 -0.3178
vn 0.3566 -0.8946 -0.2693
vn 0.7265 -0.1835 -0.6623
vn 0.7109 -0.2733 -0.6480
vn 0.4984 -0.7383 -0.4544
vn 0.7359 -0.0921 -0.6708
vn 0.5466 -0.6730 -0.4983
vn 0.1368 -0.9827 -0.1247
vn 0.0692 -0.9956 -0.0631
vn 0.9287 -0.3608 -0.0861
vn 0.9318 -0.3604 -0.0431
vn 0.5901 -0.6020 -0.5380
vn 0.2032 -0.9615 -0.1852
vn 0.6286 -0.5258 -0.5730
vn 0.2678 -0.9320 -0.2442
vn 0.6617 -0.4452 -0.6032
vn 0.6892 -0.3608 -0.6283
vn 0.2892 -0.9320 -0.2184
vn 0.3799 -0.8946 -0.2352
vn 0.3081 -0.9320 -0.1908
vn 0.7676 -0.2733 -0.5797
vn 0.7443 -0.3608 -0.5620
vn 0.4816 -0.7974 -0.3637
vn 0.7845 -0.1835 -0.5924
vn 0.5382 -0.7383 -0.4064
vn 0.7946 -0.0921 -0.6001
vn 0.5902 -0.6730 -0.4457
vn 0.1477 -0.9827 -0.1115
vn 0.0747 -0.9956 -0.0564
vn 0.8916 -0.4452 -0.0826
vn 0.8947 -0.4448 -0.0414
vn 0.6372 -0.6020 -0.4812
vn 0.2194 -0.9615 -0.1657
vn 0.6788 -0.5258 -0.5126
vn 0.7146 -0.4452 -0.5396
vn 0.2337 -0.9615 -0.1447
vn 0.3244 -0.9320 -0.1615
vn 0.2461 -0.9615 -0.1225
vn 0.7930 -0.3608 -0.4910
vn 0.7613 -0.4452 -0.4714
vn 0.4484 -0.8496 -0.2776
vn 0.8178 -0.2733 -0.5064
vn 0.5131 -0.7974 -0.3177
vn 0.8358 -0.1835 -0.5175
vn 0.5734 -0.7383 -0.3550
vn 0.8466 -0.0921 -0.5242
vn 0.6288 -0.6730 -0.3894
vn 0.1573 -0.9827 -0.0974
vn 0.0796 -0.9956 -0.0493
vn 0.8470 -0.5258 -0.0785
vn 0.8499 -0.5254 -0.0393
vn 0.6789 -0.6020 -0.4204
vn 0.7232 -0.5258 -0.4478
vn 0.1657 -0.9827 -0.0825
vn 0.2564 -0.9615 -0.0993
vn 0.1726 -0.9827 -0.0669
vn 0.8016 -0.4452 -0.3991
vn 0.7614 -0.5258 -0.3791
vn 0.4 -0.8946 -0.1992
vn 0.8349 -0.3608 -0.4157
vn 0.4721 -0.8496 -0.2351
vn 0.8611 -0.2733 -0.4288
vn 0.5402 -0.7974 -0.2690
vn 0.8800 -0.1835 -0.4382
vn 0.6037 -0.7383 -0.3006
vn 0.8914 -0.0921 -0.4438
vn 0.6621 -0.6730 -0.3297
vn 0.0838 -0.9956 -0.0417
vn 0.7951 -0.6020 -0.0737
vn 0.7980 -0.6016 -0.0369
vn 0.7148 -0.6020 -0.3559
vn 0.0873 -0.9956 -0.0338
vn 0.7932 -0.5258 -0.3073
vn 0.7446 -0.6020 -0.2885
vn 0.3379 -0.9320 -0.1309
vn 0.8350 -0.4452 -0.3235
vn 0.4167 -0.8946 -0.1614
vn 0.8697 -0.3608 -0.3369
vn 0.4918 -0.8496 -0.1905
vn 0.8970 -0.2733 -0.3475
vn 0.5627 -0.7974 -0.2180
vn 0.9166 -0.1835 -0.3551
vn 0.6289 -0.7383 -0.2436
vn 0.9285 -0.0921 -0.3597
vn 0.6897 -0.6730 -0.2672
vn 0.1780 -0.9827 -0.0506
vn 0.0900 -0.9956 -0.0256
vn 0.7365 -0.6730 -0.0682
vn 0.7392 -0.6726 -0.0342
vn 0.6741 -0.7380 -0.0312
vn 0.6716 -0.7383 -0.0622
vn 0.7680 -0.6020 -0.2185
vn 0.7114 -0.6730 -0.2024
vn 0.2644 -0.9615 -0.0752
vn 0.8181 -0.5258 -0.2328
vn 0.3486 -0.9320 -0.0992
vn 0.8613 -0.4452 -0.2450
vn 0.4298 -0.8946 -0.1223
vn 0.8970 -0.3608 -0.2552
vn 0.5073 -0.8496 -0.1443
vn 0.9252 -0.2733 -0.2632
vn 0.5805 -0.7974 -0.1652
vn 0.9455 -0.1835 -0.2690
vn 0.6487 -0.7383 -0.1846
vn 0.9577 -0.0921 -0.2725
vn 0.9788 -0.0921 -0.1830
vn 0.9663 -0.1835 -0.1806
vn 0.7270 -0.6730 -0.1359
vn 0.6630 -0.7383 -0.1239
vn 0.1819 -0.9827 -0.0340
vn 0.0920 -0.9956 -0.0172
vn 0.6033 -0.7971 -0.0279
vn 0.6009 -0.7974 -0.0557
vn 0.7849 -0.6020 -0.1467
vn 0.2702 -0.9615 -0.0505
vn 0.8361 -0.5258 -0.1563
vn 0.3562 -0.9320 -0.0666
vn 0.8802 -0.4452 -0.1645
vn 0.4392 -0.8946 -0.0821
vn 0.9168 -0.3608 -0.1714
vn 0.5184 -0.8496 -0.0969
vn 0.9455 -0.2733 -0.1768
vn 0.5932 -0.7974 -0.1109
vn 0.0932 -0.9956 -0.0086
vn 0.9315 -0.0462 -0.3609
vn 0.8942 -0.0462 -0.4453
vn 0.9819 -0.0462 -0.1836
vn 0.8493 -0.0462 -0.5259
vn 0.0936 -0.9956 -0.0043
vn 0.9608 -0.0462 -0.2734
vn 0.7972 -0.0462 -0.6020
vn 0.7382 -0.0462 -0.6730
vn 0.6730 -0.0462 -0.7382
vn 0.6020 -0.0462 -0.7972
vn 0.5259 -0.0462 -0.8493
vn 0.4453 -0.0462 -0.8942
vn 0.3609 -0.0462 -0.9315
vn 0.2734 -0.0462 -0.9608
vn 0.1836 -0.0462 -0.9819
vn 0.0294 -0.9991 -0.0295
vt 0.375 0
vt 0.625 0
vt 0.625 0.25
vt 0.375 0.25
vt 0.625 0.5
vt 0.623933 0.476933
vt 0.620743 0.454063
vt 0.615456 0.431584
vt 0.608118 0.409690
vt 0.598791 0.388565
vt 0.587554 0.368392
vt 0.574504 0.349341
vt 0.559752 0.331576
vt 0.543424 0.315248
vt 0.525659 0.300496
vt 0.506608 0.287446
vt 0.486434 0.276209
vt 0.465310 0.266882
vt 0.443416 0.259544
vt 0.420937 0.254257
vt 0.398067 0.251067
vt 0.623933 0.523067
vt 0.625 0.75
vt 0.375 0.75
vt 0.398067 0.748933
vt 0.420937 0.745743
vt 0.443416 0.740456
vt 0.465310 0.733118
vt 0.486435 0.723791
vt 0.506608 0.712554
vt 0.525659 0.699504
vt 0.543424 0.684752
vt 0.559752 0.668424
vt 0.574504 0.650659
vt 0.587554 0.631608
vt 0.598791 0.611435
vt 0.608118 0.590310
vt 0.615456 0.568416
vt 0.620743 0.545937
vt 0.625 1
vt 0.375 1
vt 0.125 0.75
vt 0.125 0.5
vt 0.126067 0.523067
vt 0.129257 0.545937
vt 0.134544 0.568416
vt 0.141882 0.590310
vt 0.151209 0.611435
vt 0.162446 0.631608
vt 0.175496 0.650659
vt 0.190248 0.668424
vt 0.206576 0.684752
vt 0.224341 0.699504
vt 0.243392 0.712554
vt 0.263565 0.723791
vt 0.284690 0.733118
vt 0.306584 0.740456
vt 0.329063 0.745743
vt 0.351933 0.748933
vt 0.875 0.5
vt 0.875 0.75
vt 0.465310 0.733118
vt 0.443416 0.740456
vt 0.398067 0.748933
vt 0 0
vt 0.420937 0.745743
vt 0.486435 0.723791
vt 0.506608 0.712554
vt 0.525659 0.699504
vt 0.543424 0.684752
vt 0.559752 0.668424
vt 0.574504 0.650659
vt 0.587554 0.631608
vt 0.598791 0.611435
vt 0.608118 0.590310
vt 0.615456 0.568416
vt 0.620743 0.545937
vt 002 004
       vt 002 004
       vt 002 004
       vt 002 004
       vt 002 004
       vt 002 004
       vt 002 004
       vt 002 004
          vt 002 004
          s 0
          f 1/1/1 2/2/1 6/3/1 4/4/1
                          f 4/4/2 6/3/2 13/5/2 291/6/2 292/7/2 293/8/2 294/9/2 295/10/2 296/11/2 297/12/2 298/13/2 299/14/2 300/15/2 301/16/2 302/17/2 303/18/2 304/19/2 305/20/2 306/21/2
                                                                                                                                                                                     f 3/22/3 13/5/3 11/23/3 9/24/3 23/25/3 22/26/3 21/27/3 20/28/3 19/29/3 18/30/3 17/31/3 16/32/3 15/33/3 14/34/3 12/35/3 10/36/3 8/37/3 7/38/3 5/39/3
                                                                                                                                                                                                                                                                            f 9/24/4 11/23/4 2/40/4 1/41/4
                                                                                                                                                                                                                                                                                                         f 9/24/5 1/42/5 4/43/5 307/44/5 310/45/5 311/46/5 308/47/5 309/48/5 194/49/5 177/50/5 160/51/5 143/52/5 126/53/5 109/54/5 92/55/5 75/56/5 58/57/5 41/58/5 24/59/5
                                                                                                                                                                                                                                                                                                                                                                                                                                                                f 13/5/6 6/60/6 2/61/6 11/23/6
                                                                                                                                                                                                                                                                                                                                                                                                                                                                                  s 1
                                                                                                                                                                                                                                                                                                                                                                          f 37/62/7 38/63/8 55/63/9 54/62/10
                                                                                                                                                                                                                                                                                                                                                                                                          f 40/64/11 23/65/12 9/65/13 24/65/14
                                                                                                                                                                                                                                                                                                                                                                                                                                           f 39/66/15 22/65/16 23/65/12 40/64/11
                                                                                                                                                                                                                                                                                                                                                                                                                                                                           f 38/63/8 21/65/17 22/65/16 39/66/15
                                                                                                                                                                                                                                                                                                                                                                                                                                                                                                         f 37/62/7 20/65/18 21/65/17 38/63/8
                                                                                                                                                                                                                                                                                                                                                                                                                                                                                                                                     f 36/67/19 19/65/20 20/65/18 37/62/7
                                                                                                                                                                                                                                                                                                                                                                                                                                                                                                                                                               f 35/68/21 18/65/22 19/65/20 36/67/19
                                                                                                                                                                                                                                                                                                                                                                                                                                                                                                                                                                                        f 34/69/23 17/65/24 18/65/22 35/68/21
                                                                                                                                                                                                                                                                                                                                                                                                                                                                                                                                                                                                               f 33/70/25 16/65/26 17/65/24 34/69/23
                                                                                                                                                                                                                                                                                                                                                                                                                                                                                                                                                                                                                                     f 32/71/27 15/65/28 16/65/26 33/70/25
                                                                                                                                                                                                                                                                                                                                                                                                                                                                                                                                                               f 31/72/29 14/65/30 15/65/28 32/71/27
                                                                                                                                                                                                                                                                                                                                                                                                                                                                                                                                                                                                  f 30/73/31 12/65/32 14/65/30 31/72/29
                                                                                                                                                                                                                                                                                                                                                                                                                                                                                                                                                                                                                                    f 29/74/33 10/65/34 12/65/32 30/73/31
                                                                                                                                                                                                                                                                                                                                                                                                                                                                                                                                                                                                                                                                    f 28/75/35 8/65/36 10/65/34 29/74/33
                                                                                                                                                                                                                                                                                                                                                                                                                                                                                                                                                                                                                                                                                                  f 27/76/37 7/65/38 8/65/36 28/75/35
                                                                                                                                                                                                                                                                                                                                                                                                                                                                                                                                                                                                                                                                                                                             f 26/77/39 5/65/40 7/65/38 27/76/37
                                                                                                                                                                                                                                                                                                                                                                                                                                                                                                                                                                                                                                                                                                                                                     f 25/65/41 3/65/42 5/65/40 26/77/39
                                                                                                                                                                                                                                                                                                                                                                                                                                                                                                                                                                                                                                                                                                                                                                            f 53/67/43 54/62/10 71/62/44 70/67/45
                                                                                                                                                                                                                                                                                                                                                                                                                                                                                                                                                                                                                                                                                                                                                                                                   f 30/73/31 31/72/29 48/72/46 47/73/47
                                                                                                                                                                                                                                                                                                                                                                                                                                                                                                                                                                                                                                                                                                                                                                                                                         f 38/63/8 39/66/15 56/66/48 55/63/9
       f 31/72/29 32/71/27 49/71/49 48/72/46
                                          f 39/66/15 40/64/11 57/64/50 56/66/48
                                                                            f 32/71/27 33/70/25 50/70/51 49/71/49
                                                                                                            f 26/77/39 43/77/52 42/65/53 25/65/41
                                                                                                                                           f 292/65/54 276/77/55 277/76/56 293/65/57
                                                                                                                                                                           f 33/70/25 34/69/23 51/69/58 50/70/51
                                                                                                                                                                                                     f 26/77/39 27/76/37 44/76/59 43/77/52
                                                                                                                                                                                                                              f 34/69/23 35/68/21 52/68/60 51/69/58
                                                                                                                                                                                                                                                     f 27/76/37 28/75/35 45/75/61 44/76/59
                                                                                                                                                                                                                                                                           f 35/68/21 36/67/19 53/67/43 52/68/60
                                                                                                                                                                                                                                                                                               f 28/75/35 29/74/33 46/74/62 45/75/61
                                                                                                                                                                                                                                                                                                                                  f 36/67/19 37/62/7 54/62/10 53/67/43
                                                                                                                                                                                                                                                                                                                                                                   f 29/74/33 30/73/31 47/73/47 46/74/62
                                                                                                                                                                                                                                                                                                                                                                                                   f 69/68/63 70/67/45 87/67/64 86/68/65
                                                                                                                                                                                                                                                                                                                                                                                                                                  f 46/74/62 47/73/47 64/73/66 63/74/67
                                                                                                                                                                                                                                                                                                                                                                                                                                                               f 54/62/10 55/63/9 72/63/68 71/62/44
                                                                                                                                                                                                                                                                                                                                                                                                                                                                                        f 47/73/47 48/72/46 65/72/69 64/73/66
                                                                                                                                                                                                                                                                                                                                                                                                                                                                                                                 f 55/63/9 56/66/48 73/66/70 72/63/68
                                                                                                                                                                                                                                                                                                                                                                                                                                                                                                                                       f 48/72/46 49/71/49 66/71/71 65/72/69
                                                                                                                                                                                                                                                                                                                                                                                                                                                                                                                                                             f 56/66/48 57/64/50 74/64/72 73/66/70
                                                                                                                                                                                                                                                                                                                                                                                                                                                                                                                                                               f 49/71/49 50/70/51 67/70/73 66/71/71
                                                                                                                                                                                                                                                                                                                                                                                                                                                                                                                                                                                                  f 43/77/52 60/77/74 59/65/75 42/65/53
                                                                                                                                                                                                                                                                                                                                                                                                                                                                                                                                                                                                                                    f 293/65/57 277/76/56 278/75/76 294/65/77
                                                                                                                                                                                                                                                                                                                                                                                                                                                                                                                                                                                                                                                                        f 50/70/51 51/69/58 68/69/78 67/70/73
                                                                                                                                                                                                                                                                                                                                                                                                                                                                                                                                                                                                                                                                                                       f 43/77/52 44/76/59 61/76/79 60/77/74
                                                                                                                                                                                                                                                                                                                                                                                                                                                                                                                                                                                                                                                                                                                                    f 51/69/58 52/68/60 69/68/63 68/69/78
                                                                                                                                                                                                                                                                                                                                                                                                                                                                                                                                                                                                                                                                                                                                                              f 44/76/59 45/75/61 62/75/80 61/76/79
                                                                                                                                                                                                                                                                                                                                                                                                                                                                                                                                                                                                                                                                                                                                                                                       f 52/68/60 53/67/43 70/67/45 69/68/63
                                                                                                                                                                                                                                                                                                                                                                                                                                                                                                                                                                                                                                                                                                                                                                                                              f 45/75/61 46/74/62 63/74/67 62/75/80
                                                                                                                                                                                                                                                                                                                                                                                                                                                                                                                                                                                                                                                                                                                                                                                                                                    f 85/69/81 86/68/65 103/68/82 102/69/83
                                                                                                                                                                                                                                                                                                                                                                                                                                                                                                                                                                                                                                                                                                                                                                                                                                    f 62/75/80 63/74/67 80/74/84 79/75/85
                                                                                                                                                                                                                                                                                                                                                                                                                                                                                                                                                                                                                                                                                                                                                                                                                                                                       f 70/67/45 71/62/44 88/62/86 87/67/64
                                                                                                                                                                                                                                                                                                                                                                                                                                                                                                                                                                                                                                                                                                                                                                                                                                                                                                         f 63/74/67 64/73/66 81/73/87 80/74/84
                                                                                                                                                                                                                                                                                                                                                                                                                                                                                                                                                                                                                                                                                                                                                                                                                                                                                                                                         f 71/62/44 72/63/68 89/63/88 88/62/86
                                                                                                                                                                                                                                                                                                                                                                                                                                                                                                                                                                                                                                                                                                                                                                                                                                                                                                                                                                        f 64/73/66 65/72/69 82/72/89 81/73/87
                                                                                                                                                                                                                                                                                                                                                                                                                                                                                                                                                                                                                                                                                                                                                                                                                                                                                                                                                                                                     f 72/63/68 73/66/70 90/66/90 89/63/88
                                                                                                                                                                                                                                                                                                                                                                                                                                                                                                                                                                                                                                                                                                                                                                                                                                                                                                                                                                                                                               f 65/72/69 66/71/71 83/71/91 82/72/89
                                                                                                                                                                                                                                                                                                                                                                                                                                                                                                                                                                                                                                                                                                                                                                                                                                                                                                                                                                                                                                                        f 73/66/70 74/64/72 91/64/92 90/66/90
                                                                                                                                                                                                                                                                                                                                                                                                                                                                                                                                                                                                                                                                                                                                                                                                                                                                                                                                                                                                                                                                               f 66/71/71 67/70/73 84/70/93 83/71/91
                                                                                                                                                                                                                                                                                                                                                                                                                                                                                                                                                                                                                                                                                                                                                                                                                                                                                                                                                                                                                                                                                                     f 60/77/74 77/77/94 76/65/95 59/65/75
                                                                                                                                                                                                                                                                                                                                                                                                                                                                                                                                                                                                                                                                                                                                                                                                                                                                                                                                                                                                                                                                                   f 294/65/77 278/75/76 279/74/96 295/65/97
                                                                                                                                                                                                                                                                                                                                                                                                                                                                                                                                                                                                                                                                                                                                                                                                                                                                                                                                                                                                                                                                                                                          f 67/70/73 68/69/78 85/69/81 84/70/93
                                                                                                                                                                                                                                                                                                                                                                                                                                                                                                                                                                                                                                                                                                                                                                                                                                                                                                                                                                                                                                                                                                                                                            f 60/77/74 61/76/79 78/76/98 77/77/94
                                                                                                                                                                                                                                                                                                                                                                                                                                                                                                                                                                                                                                                                                                                                                                                                                                                                                                                                                                                                                                                                                                                                                                                            f 68/69/78 69/68/63 86/68/65 85/69/81
                                                                                                                                                                                                                                                                                                                                                                                                                                                                                                                                                                                                                                                                                                                                                                                                                                                                                                                                                                                                                                                                                                                                                                                                                           f 61/76/79 62/75/80 79/75/85 78/76/98
                                                                                                                                                                                                                                                                                                                                                                                                                                                                                                                                                                                                                                                                                                                                                                                                                                                                                                                                                                                                                                                                                                                                                                                                                                                        f 101/70/99 102/69/83 119/69/100 118/70/101
                                                                                                                                                                                                                                                                                                                                                                                                                                                                                                                                                                                                                                                                                                                                                                                                                                                                                                                                                                                                                                                                                                                                                                                                                                                                                     f 78/76/98 79/75/85 96/75/102 95/76/103
                                                                                                                                                                                                                                                                                                                                                                                                                                                                                                                                                                                                                                                                                                                                                                                                                                                                                                                                                                                                                                                                                                                                                                                                                                                                                                              f 86/68/65 87/67/64 104/67/104 103/68/82
                                                                                                                                                                                                                                                                                                                                                                                                                                                                                                                                                                                                                                                                                                                                                                                                                                                                                                                                                                                                                                                                                                                                                                                                                                                                                                                                      f 79/75/85 80/74/84 97/74/105 96/75/102
                                                                                                                                                                                                                                                                                                                                                                                                                                                                                                                                                                                                                                                                                                                                                                                                                                                                                                                                                                                                                                                                                                                                                                                                                                                                                                                                                            f 87/67/64 88/62/86 105/62/106 104/67/104
                                                                                                                                                                                                                                                                                                                                                                                                                                                                                                                                                                                                                                                                                                                                                                                                                                                                                                                                                                                                                                                                                                                                                                                                                                                                                                                                      f 80/74/84 81/73/87 98/73/107 97/74/105
                                                                                                                                                                                                                                                                                                                                                                                                                                                                                                                                                                                                                                                                                                                                                                                                                                                                                                                                                                                                                                                                                                                                                                                                                                                                                                                                                                          f 88/62/86 89/63/88 106/63/108 105/62/106
                                                                                                                                                                                                                                                                                                                                                                                                                                                                                                                                                                                                                                                                                                                                                                                                                                                                                                                                                                                                                                                                                                                                                                                                                                                                                                                                                                                                               f 81/73/87 82/72/89 99/72/109 98/73/107
                                                                                                                                                                                                                                                                                                                                                                                                                                                                                                                                                                                                                                                                                                                                                                                                                                                                                                                                                                                                                                                                                                                                                                                                                                                                                                                                                                                                                                                f 89/63/88 90/66/90 107/66/110 106/63/108
                                                                                                                                                                                                                                                                                                                                                                                                                                                                                                                                                                                                                                                                                                                                                                                                                                                                                                                                                                                                                                                                                                                                                                                                                                                                                                                                                                                                                                                                                  f 82/72/89 83/71/91 100/71/111 99/72/109
                                                                                                                                                                                                                                                                                                                                                                                                                                                                                                                                                                                                                                                                                                                                                                                                                                                                                                                                                                                                                                                                                                                                                                                                                                                                                                                                                                                                                                                                                                                 f 90/66/90 91/64/92 108/64/112 107/66/110
                                                                                                                                                                                                                                                                                                                                                                                                                                                                                                                                                                                                                                                                                                                                                                                                                                                                                                                                                                                                                                                                                                                                                                                                                                                                                                                                                                                                                                                                                                                                            f 83/71/91 84/70/93 101/70/99 100/71/111
                                                                                                                                                                                                                                                                                                                                                                                                                                                                                                                                                                                                                                                                                                                                                                                                                                                                                                                                                                                                                                                                                                                                                                                                                                                                                                                                                                                                                                                                                                                                                                      f 76/65/95 77/77/94 94/77/113 93/65/114
                                                                                                                                                                                                                                                                                                                                                                                                                                                                                                                                                                                                                                                                                                                                                                                                                                                                                                                                                                                                                                                                                                                                                                                                                                                                                                                                                                                                                                                                                                                                                                                             f 295/65/97 279/74/96 280/73/115 296/65/116
                                                                                                                                                                                                                                                                                                                                                                                                                                                                                                                                                                                                                                                                                                                                                                                                                                                                                                                                                                                                                                                                                                                                                                                                                                                                                                                                                                                                                                                                                                                                                                                                                      f 84/70/93 85/69/81 102/69/83 101/70/99
                                                                                                                                                                                                                                                                                                                                                                                                                                                                                                                                                                                                                                                                                                                                                                                                                                                                                                                                                                                                                                                                                                                                                                                                                                                                                                                                                                                                                                                                                                                                                                           f 77/77/94 78/76/98 95/76/103 94/77/113
                                                                                                                                                                                                                                                                                                                                                                                                                                                                                                                                                                                                                                                                                                                                                                                                                                                                                                                                                                                                                                                                                                                                                                                                                                                                                                                                                                                                                                                                                                                                                                                                               f 117/71/117 118/70/101 135/70/118 134/71/119
                                                                                                                                                                                                                                                                                                                                                                                                                                                                                                                                                                                                                                                                                                                                                                                                                                                                                                                                                                                                                                                                                                                                                                                                                                                                                                                                                                                                                                                                                                                                                                                                                                                        f 94/77/113 95/76/103 112/76/120 111/77/121
                                                                                                                                                                                                                                                                                                                                                                                                                                                                                                                                                                                                                                                                                                                                                                                                                                                                                                                                                                                                                                                                                                                                                                                                                                                                                                                                                                                                                                                                                                                                                                                                                                                                                             f 102/69/83 103/68/82 120/68/122 119/69/100
                                                                                                                                                                                                                                                                                                                                                                                                                                                                                                                                                                                                                                                                                                                                                                                                                                                                                                                                                                                                                                                                                                                                                                                                                                                                                                                                                                                                                                                                                                                                                                                                                                                                                                                                 f 95/76/103 96/75/102 113/75/123 112/76/120
                                                                                                                                                                                                                                                                                                                                                                                                                                                                                                                                                                                                                                                                                                                                                                                                                                                                                                                                                                                                                                                                                                                                                                                                                                                                                                                                                                                                                                                                                                                                                                                                                                                                                                                                                                  f 103/68/82 104/67/104 121/67/124 120/68/122
                                                                                                                                                                                                                                                                                                                                                                                                                                                                                                                                                                                                                                                                                                                                                                                                                                                                                                                                                                                                                                                                                                                                                                                                                                                                                                                                                                                                                                                                                                                                                                                                                                                                                                                                                                                                f 96/75/102 97/74/105 114/74/125 113/75/123
                                                                                                                                                                                                                                                                                                                                                                                                                                                                                                                                                                                                                                                                                                                                                                                                                                                                                                                                                                                                                                                                                                                                                                                                                                                                                                                                                                                                                                                                                                                                                                                                                                                                                                                                                                                                                            f 104/67/104 105/62/106 122/62/126 121/67/124
                                                                                                                                                                                                                                                                                                                                                                                                                                                                                                                                                                                                                                                                                                                                                                                                                                                                                                                                                                                                                                                                                                                                                                                                                                                                                                                                                                                                                                                                                                                                                                                                                                                                                                                                                                                                                                                        f 97/74/105 98/73/107 115/73/127 114/74/125
                                                                                                                                                                                                                                                                                                                                                                                                                                                                                                                                                                                                                                                                                                                                                                                                                                                                                                                                                                                                                                                                                                                                                                                                                                                                                                                                                                                                                                                                                                                                                                                                                                                                                                                                                                                                                                                                                 f 105/62/106 106/63/108 123/63/128 122/62/126
                                                                                                                                                                                                                                                                                                                                                                                                                                                                                                                                                                                                                                                                                                                                                                                                                                                                                                                                                                                                                                                                                                                                                                                                                                                                                                                                                                                                                                                                                                                                                                                                                                                                                                                                                                                                                            f 98/73/107 99/72/109 116/72/129 115/73/127
                                                                                                                                                                                                                                                                                                                                                                                                                                                                                                                                                                                                                                                                                                                                                                                                                                                                                                                                                                                                                                                                                                                                                                                                                                                                                                                                                                                                                                                                                                                                                                                                                                                                                                                                                                                                                                                                    f 106/63/108 107/66/110 124/66/130 123/63/128
                                                                                                                                                                                                                                                                                                                                                                                                                                                                                                                                                                                                                                                                                                                                                                                                                                                                                                                                                                                                                                                                                                                                                                                                                                                                                                                                                                                                                                                                                                                                                                                                                                                                                                                                                                                                                                                                                                             f 99/72/109 100/71/111 117/71/117 116/72/129
                                                                                                                                                                                                                                                                                                                                                                                                                                                                                                                                                                                                                                                                                                                                                                                                                                                                                                                                                                                                                                                                                                                                                                                                                                                                                                                                                                                                                                                                                                                                                                                                                                                                                                                                                                                                                                                                                                                                                   f 107/66/110 108/64/112 125/64/131 124/66/130
                                                                                                                                                                                                                                                                                                                                                                                                                                                                                                                                                                                                                                                                                                                                                                                                                                                                                                                                                                                                                                                                                                                                                                                                                                                                                                                                                                                                                                                                                                                                                                                                                                                                                                                                                                                                                                                                                                                                                                                         f 100/71/111 101/70/99 118/70/101 117/71/117
                                                                                                                                                                                                                                                                                                                                                                                                                                                                                                                                                                                                                                                                                                                                                                                                                                                                                                                                                                                                                                                                                                                                                                                                                                                                                                                                                                                                                                                                                                                                                                                                                                                                                                                                                                                                                                                                                                                                                                                                                           f 93/65/114 94/77/113 111/77/121 110/65/132
                                                                                                                                                                                                                                                                                                                                                                                                                                                                                                                                                                                                                                                                                                                                                                                                                                                                                                                                                                                                                                                                                                                                                                                                                                                                                                                                                                                                                                                                                                                                                                                                                                                                                                                                                                                                                                                                                                                                                                                                                                                        f 306/65/133 290/64/134 307/78/135 4/65/136
                                                                                                                                                                                                                                                                                                                                                                                                                                                                                                                                                                                                                                                                                                                                                                                                                                                                                                                                                                                                                                                                                                                                                                                                                                                                                                                                                                                                                                                                                                                                                                                                                                                                                                                                                                                                                                                                                                                                                                                                                                                                                      f 133/72/137 134/71/119 151/71/138 150/72/139
                                                                                                                                                                                                                                                                                                                                                                                                                                                                                                                                                                                                                                                                                                                                                                                                                                                                                                                                                                                                                                                                                                                                                                                                                                                                                                                                                                                                                                                                                                                                                                                                                                                                                                                                                                                                                                                                                                                                                                                                                                                                                                                  f 111/77/121 128/77/140 127/65/141 110/65/132
                                                                                                                                                                                                                                                                                                                                                                                                                                                                                                                                                                                                                                                                                                                                                                                                                                                                                                                                                                                                                                                                                                                                                                                                                                                                                                                                                                                                                                                                                                                                                                                                                                                                                                                                                                                                                                                                                                                                                                                                                                                                                                                                             f 289/66/142 290/64/134 306/65/133 305/65/143
                                                                                                                                                                                                                                                                                                                                                                                                                                                                                                                                                                                                                                                                                                                                                                                                                                                                                                                                                                                                                                                                                                                                                                                                                                                                                                                                                                                                                                                                                                                                                                                                                                                                                                                                                                                                                                                                                                                                                                                                                                                                f 118/70/101 119/69/100 136/69/144 135/70/118
                                                                                                                                                                                                                                                                                                                                                                                                                                                                                                                                                                                                                                                                                                                                                                                                                                                                                                                                                                                                                                                                                                                                                                                                                                                                                                                                                                                                                                                                                                                                                                                                                                                                                                                                                                                                                                                                                                                                                                                                                                                                                                          f 111/77/121 112/76/120 129/76/145 128/77/140
                                                                                                                                                                                                                                                                                                                                                                                                                                                                                                                                                                                                                                                                                                                                                                                                                                                                                                                                                                                                                                                                                                                                                                                                                                                                                                                                                                                                                                                                                                                                                                                                                                                                                                                                                                                                                                                                                                                                                                                                                                                                                                                                                   f 119/69/100 120/68/122 137/68/146 136/69/144
                                                                                                                                                                                                                                                                                                                                                                                                                                                                                                                                                                                                                                                                                                                                                                                                                                                                                                                                                                                                                                                                                                                                                                                                                                                                                                                                                                                                                                                                                                                                                                                                                                                                                                                                                                                                                                                                                                                                                                                                                                                                                                                                                                                          f 112/76/120 113/75/123 130/75/147 129/76/145
                                                                                                                                                                                                                                                                                                                                                                                                                                                                                                                                                                                                                                                                                                                                                                                                                                                                                                                                                                                                                                                                                                                                                                                                                                                                                                                                                                                                                                                                                                                                                                                                                                                                                                                                                                                                                                                                                                                                                                                                                                                                                                                                                                                                                                f 120/68/122 121/67/124 138/67/148 137/68/146
                                                                                                                                                                                                                                                                                                                                                                                                                                                                                                                                                                                                                                                                                                                                                                                                                                                                                                                                                                                                                                                                                                                                                                                                                                                                                                                                                                                                                                                                                                                                                                                                                                                                                                                                                                                                                                                                                                                                                                                                                                                                                                                                                                                                                                                                   f 113/75/123 114/74/125 131/74/149 130/75/147
                                                                                                                                                                                                                                                                                                                                                                                                                                                                                                                                                                                                                                                                                                                                                                                                                                                                                                                                                                                                                                                                                                                                                                                                                                                                                                                                                                                                                                                                                                                                                                                                                                                                                                                                                                                                                                                                                                                                                                                                                                                                                                                                                                                                                                                                                                  f 121/67/124 122/62/126 139/62/150 138/67/148
                                                                                                                                                                                                                                                                                                                                                                                                                                                                                                                                                                                                                                                                                                                                                                                                                                                                                                                                                                                                                                                                                                                                                                                                                                                                                                                                                                                                                                                                                                                                                                                                                                                                                                                                                                                                                                                                                                                                                                                                                                                                                                                                                                                                                                                                                                                                f 114/74/125 115/73/127 132/73/151 131/74/149
                                                                                                                                                                                                                                                                                                                                                                                                                                                                                                                                                                                                                                                                                                                                                                                                                                                                                                                                                                                                                                                                                                                                                                                                                                                                                                                                                                                                                                                                                                                                                                                                                                                                                                                                                                                                                                                                                                                                                                                                                                                                                                                                                                                                                                                                                                                                                            f 122/62/126 123/63/128 140/63/152 139/62/150
                                                                                                                                                                                                                                                                                                                                                                                                                                                                                                                                                                                                                                                                                                                                                                                                                                                                                                                                                                                                                                                                                                                                                                                                                                                                                                                                                                                                                                                                                                                                                                                                                                                                                                                                                                                                                                                                                                                                                                                                                                                                                                                                                                                                                                                                                                                                                                                       f 115/73/127 116/72/129 133/72/137 132/73/151
                                                                                                                                                                                                                                                                                                                                                                                                                                                                                                                                                                                                                                                                                                                                                                                                                                                                                                                                                                                                                                                                                                                                                                                                                                                                                                                                                                                                                                                                                                                                                                                                                                                                                                                                                                                                                                                                                                                                                                                                                                                                                                                                                                                                                                                                                                  f 123/63/128 124/66/130 141/66/153 140/63/152
                                                                                                                                                                                                                                                                                                                                                                                                                                                                                                                                                                                                                                                                                                                                                                                                                                                                                                                                                                                                                                                                                                                                                                                                                                                                                                                                                                                                                                                                                                                                                                                                                                                                                                                                                                                                                                                                                                                                                                                                                                                                                                                                                                                                                                                                                                                                            f 116/72/129 117/71/117 134/71/119 133/72/137
                                                                                                                                                                                                                                                                                                                                                                                                                                                                                                                                                                                                                                                                                                                                                                                                                                                                                                                                                                                                                                                                                                                                                                                                                                                                                                                                                                                                                                                                                                                                                                                                                                                                                                                                                                                                                                                                                                                                                                                                                                                                                                                                                                                                                                                                                                                                                                                     f 124/66/130 125/64/131 142/64/154 141/66/153
                                                                                                                                                                                                                                                                                                                                                                                                                                                                                                                                                                                                                                                                                                                                                                                                                                                                                                                                                                                                                                                                                                                                                                                                                                                                                                                                                                                                                                                                                                                                                                                                                                                                                                                                                                                                                                                                                                                                                                                                                                                                                                                                                                                                                                                                                                                                                                                                                            f 149/73/155 150/72/139 167/72/156 166/73/157
                                                                                                                                                                                                                                                                                                                                                                                                                                                                                                                                                                                                                                                                                                                                                                                                                                                                                                                                                                                                                                                                                                                                                                                                                                                                                                                                                                                                                                                                                                                                                                                                                                                                                                                                                                                                                                                                                                                                                                                                                                                                                                                                                                                                                                                                                                                                                                                                                                                                  f 141/66/153 142/64/154 159/64/158 158/66/159
                                                                                                                                                                                                                                                                                                                                                                                                                                                                                                                                                                                                                                                                                                                                                                                                                                                                                                                                                                                                                                                                                                                                                                                                                                                                                                                                                                                                                                                                                                                                                                                                                                                                                                                                                                                                                                                                                                                                                                                                                                                                                                                                                                                                                                                                                                                                                                                                                                                                                                     f 134/71/119 135/70/118 152/70/160 151/71/138
                                                                                                                                                                                                                                                                                                                                                                                                                                                                                                                                                                                                                                                                                                                                                                                                                                                                                                                                                                                                                                                                                                                                                                                                                                                                                                                                                                                                                                                                                                                                                                                                                                                                                                                                                                                                                                                                                                                                                                                                                                                                                                                                                                                                                                                                                                                                                                                                                                                                                                                                    f 128/77/140 145/77/161 144/65/162 127/65/141
                                                                                                                                                                                                                                                                                                                                                                                                                                                                                                                                                                                                                                                                                                                                                                                                                                                                                                                                                                                                                                                                                                                                                                                                                                                                                                                                                                                                                                                                                                                                                                                                                                                                                                                                                                                                                                                                                                                                                                                                                                                                                                                                                                                                                                                                                                                                                                                                                                                                                                                                                                  f 288/63/163 289/66/142 305/65/143 304/65/164
                                                                                                                                                                                                                                                                                                                                                                                                                                                                                                                                                                                                                                                                                                                                                                                                                                                                                                                                                                                                                                                                                                                                                                                                                                                                                                                                                                                                                                                                                                                                                                                                                                                                                                                                                                                                                                                                                                                                                                                                                                                                                                                                                                                                                                                                                                                                                                                                                                                                                                                                                                                              f 135/70/118 136/69/144 153/69/165 152/70/160
                                                                                                                                                                                                                                                                                                                                                                                                                                                                                                                                                                                                                                                                                                                                                                                                                                                                                                                                                                                                                                                                                                                                                                                                                                                                                                                                                                                                                                                                                                                                                                                                                                                                                                                                                                                                                                                                                                                                                                                                                                                                                                                                                                                                                                                                                                                                                                                                                                                                                                                                                                                                                         f 128/77/140 129/76/145 146/76/166 145/77/161
                                                                                                                                                                                                                                                                                                                                                                                                                                                                                                                                                                                                                                                                                                                                                                                                                                                                                                                                                                                                                                                                                                                                                                                                                                                                                                                                                                                                                                                                                                                                                                           f 136/69/144 137/68/146 154/68/167 153/69/165
                                                                                                                                                                                                                                                                                                                                                                                                                                                                                                                                                                                                                                                                                                                                                                                                                                                                                                                                                                                                                                                                                                                                                                                                                                                                                                                                                                                                                                                                                                                                                                                                                     f 129/76/145 130/75/147 147/75/168 146/76/166
                                                                                                                                                                                                                                                                                                                                                                                                                                                                                                                                                                                                                                                                                                                                                                                                                                                                                                                                                                                                                                                                                                                                                                                                                                                                                                                                                                                                                                                                                                                                                                                                                                                              f 137/68/146 138/67/148 155/67/169 154/68/167
                                                                                                                                                                                                                                                                                                                                                                                                                                                                                                                                                                                                                                                                                                                                                                                                                                                                                                                                                                                                                                                                                                                                                                                                                                                                                                                                                                                                                                                                                                                                                                                                                                                                                                     f 130/75/147 131/74/149 148/74/170 147/75/168
                                                                                                                                                                                                                                                                                                                                                                                                                                                                                                                                                                                                                                                                                                                                                                                                                                                                                                                                                                                                                                                                                                                                                                                                                                                                                                                                                                                                                                                                                                                                                                                                                                                                                                                                           f 138/67/148 139/62/150 156/62/171 155/67/169
                                                                                                                                                                                                                                                                                                                                                                                                                                                                                                                                                                                                                                                                                                                                                                                                                                                                                                                                                                                                                                                                                                                                                                                                                                                                                                                                                                                                                                                                                                                                                                                                                                                                                                                                                                              f 131/74/149 132/73/151 149/73/155 148/74/170
                                                                                                                                                                                                                                                                                                                                                                                                                                                                                                                                                                                                                                                                                                                                                                                                                                                                                                                                                                                                                                                                                                                                                                                                                                                                                                                                                                                                                                                                                                                                                                                                                                                                                                                                                                                                             f 139/62/150 140/63/152 157/63/172 156/62/171
                                                                                                                                                                                                                                                                                                                                                                                                                                                                                                                                                                                                                                                                                                                                                                                                                                                                                                                                                                                                                                                                                                                                                                                                                                                                                                                                                                                                                                                                                                                                                                                                                                                                                                                                                                                                                                           f 132/73/151 133/72/137 150/72/139 149/73/155
                                                                                                                                                                                                                                                                                                                                                                                                                                                                                                                                                                                                                                                                                                                                                                                                                                                                                                                                                                                                                                                                                                                                                                                                                                                                                                                                                                                                                                                                                                                                                                                                                                                                                                                                                                                                                                                                       f 140/63/152 141/66/153 158/66/159 157/63/172
                                                                                                                                                                                                                                                                                                                                                                                                                                                                                                                                                                                                                                                                                                                                                                                                                                                                                                                                                                                                                                                                                                                                                                                                                                                                                                                                                                                                                                                                                                                                                                                                                                                                                                                                                                                                                                                                                                  f 165/74/173 166/73/157 183/73/174 182/74/175
                                                                                                                                                                                                                                                                                                                                                                                                                                                                                                                                                                                                                                                                                                                                                                                                                                                                                                                                                                                                                                                                                                                                                                                                                                                                                                                                                                                                                                                                                                                                                                                                                                                                                                                                                                                                                                                                                                                          f 157/63/172 158/66/159 175/66/176 174/63/177
                                                                                                                                                                                                                                                                                                                                                                                                                                                                                                                                                                                                                                                                                                                                                                                                                                                                                                                                                                                                                                                                                                                                                                                                                                                                                                                                                                                                                                                                                                                                                                                                                                                                                                                                                                                                                                                                                                                                                                    f 150/72/139 151/71/138 168/71/178 167/72/156
                                                                                                                                                                                                                                                                                                                                                                                                                                                                                                                                                                                                                                                                                                                                                                                                                                                                                                                                                                                                                                                                                                                                                                                                                                                                                                                                                                                                                                                                                                                                                                                                                                                                                                                                                                                                                                                                                                                                                                                                             f 158/66/159 159/64/158 176/64/179 175/66/176
                                                                                                                                                                                                                                                                                                                                                                                                                                                                                                                                                                                                                                                                                                                                                                                                                                                                                                                                                                                                                                                                                                                                                                                                                                                                                                                                                                                                                                                                                                                                                                                                                                                                                                                                                                                                                                                                                                                                                                                                                                                    f 151/71/138 152/70/160 169/70/180 168/71/178
                                                                                                                                                                                                                                                                                                                                                                                                                                                                                                                                                                                                                                                                                                                                                                                                                                                                                                                                                                                                                                                                                                                                                                                                                                                                                                                                                                                                                                                                                                                                                                                                                                                                                                                                                                                                                                                                                                                                                                                                                                                                                          f 145/77/161 162/77/181 161/65/182 144/65/162
                                                                                                                                                                                                                                                                                                                                                                                                                                                                                                                                                                                                                                                                                                                                                                                                                                                                                                                                                                                                                                                                                                                                                                                                                                                                                                                                                                                                                                                                                                                                                                                                                                                                                                                                                                                                                                                                                                                                                                                                                                                                                                                             f 287/62/183 288/63/163 304/65/164 303/65/184
                                                                                                                                                                                                                                                                                                                                                                                                                                                                                                                                                                                                                                                                                                                                                                                                                                                                                                                                                                                                                                                                                                                                                                                                                                                                                                                                                                                                                                                                                                                                                                                                                                                                                                                                                                                                                                                                                                                                                                                                                                                                                                                                                            f 152/70/160 153/69/165 170/69/185 169/70/180
                                                                                                                                                                                                                                                                                                                                                                                                                                                                                                                                                                                                                                                                                                                                                                                                                                                                                                                                                                                                                                                                                                                                                                                                                                                                                                                                                                                                                                                                                                                                                                                                                                                                                                                                                                                                                                                                                                                                                                                                                                                                                                                                                                                          f 145/77/161 146/76/166 163/76/186 162/77/181
                                                                                                                                                                                                                                                                                                                                                                                                                                                                                                                                                                                                                                                                                                                                                                                                                                                                                                                                                                                                                                                                                                                                                                                                                                                                                                                                                                                                                                                                                                                                                                                                                                                                                                                                                                                                                                                                                                                                                                                                                                                                                                                                                                                                                      f 153/69/165 154/68/167 171/68/187 170/69/185
                                                                                                                                                                                                                                                                                                                                                                                                                                                                                                                                                                                                                                                                                                                                                                                                                                                                                                                                                                                                                                                                                                                                                                                                                                                                                                                                                                                                                                                                                                                                                                                                                                                                                                                                                                                                                                                                                                                                                                                                                                                                                                                                                                                                                                                 f 146/76/166 147/75/168 164/75/188 163/76/186
                                                                                                                                                                                                                                                                                                                                                                                                                                                                                                                                                                                                                                                                                                                                                                                                                                                                                                                                                                                                                                                                                                                                                                                                                                                                                                                                                                                                                                                                                                                                                                                                                                                                                                                                                                                                                                                                                                                                                                                                                                                                                                                                                                                                                                                   f 154/68/167 155/67/169 172/67/189 171/68/187
                                                                                                                                                                                                                                                                                                                                                                                                                                                                                                                                                                                                                                                                                                                                                                                                                                                                                                                                                                                                                                                                                                                                                                                                                                                                                                                                                                                                                                                                                                                                                                                                                                                                                                                                                                                                                                                                                                                                                                                                                                                                                                                                                                                                                                                                                             f 147/75/168 148/74/170 165/74/173 164/75/188
                                                                                                                                                                                                                                                                                                                                                                                                                                                                                                                                                                                                                                                                                                                                                                                                                                                                                                                                                                                                                                                                                                                                                                                                                                                                                                                                                                                                                                                                                                                                                                                                                                                                                                                                                                                                                                                                                                                                                                                                                                                                                                                                                                                                                                                                                                                                      f 155/67/169 156/62/171 173/62/190 172/67/189
                                                                                                                                                                                                                                                                                                                                                                                                                                                                                                                                                                                                                                                                                                                                                                                                                                                                                                                                                                                                                                                                                                                                                                                                                                                                                                                                                                                                                                                                                                                                                                                                                                                                                                                                                                                                                                                                                                                                                                                                                                                                                                                                                                                                                                                                                                                                                                             f 148/74/170 149/73/155 166/73/157 165/74/173
                                                                                                                                                                                                                                                                                                                                                                                                                                                                                                                                                                                                                                                                                                                                                                                                                                                                                                                                                                                                                                                                                                                                                                                                                                                                                                                                                                                                                                                                                                                                                                                                                                                                                                                                                                                                                                                                                                                                                                                                                                                                                                                                                                                                                                                                                                                                                                                                                   f 156/62/171 157/63/172 174/63/177 173/62/190
                                                                                                                                                                                                                                                                                                                                                                                                                                                                                                                                                                                                                                                                                                                                                                                                                                                                                                                                                                                                                                                                                                                                                                                                                                                                                                                                                                                                                                                                                                                                                                                                                                                                                                                                                                                                                                                                                                                                                                                                                                                                                                                                                                                                                                                                                                                                                                                                                                                      f 181/75/191 182/74/175 199/74/192 198/75/193
                                                                                                                                                                                                                                                                                                                                                                                                                                                                                                                                                                                                                                                                                                                                                                                                                                                                                                                                                                                                                                                                                                                                                                                                                                                                                                                                                                                                                                                                                                                                                                                                                                                                                                                                                                                                                                                                                                                                                                                                                                                                                                                                                                                                                                                                                                                                                                                                                                                                                     f 173/62/190 174/63/177 191/63/194 190/62/195
                                                                                                                                                                                                                                                                                                                                                                                                                                                                                                                                                                                                                                                                                                                                                                                                                                                                                                                                                                                                                                                                                                                                                                                                                                                                                                                                                                                                                                                                                                                                                                                                                                                                                                                                                                                                                                                                                                                                                                                                                                                                                                                                                                                                                                                                                                                                                                                                                                                                                                                   f 166/73/157 167/72/156 184/72/196 183/73/174
                                                                                                                                                                                                                                                                                                                                                                                                                                                                                                                                                                                                                                                                                                                                                                                                                                                                                                                                                                                                                                                                                                                                                                                                                                                                                                                                                                                                                                                                                                                                                                                                                                                                                                                                                                                                                                                                                                                                                                                                                                                                                                                                                                                                                                                                                                                                                                                                                                                                                                                                               f 174/63/177 175/66/176 192/66/197 191/63/194
                                                                                                                                                                                                                                                                                                                                                                                                                                                                                                                                                                                                                                                                                                                                                                                                                                                                                                                                                                                                                                                                                                                                                                                                                                                                                                                                                                                                                                                                                                                                                                                                                                                                                                                                                                                                                                                                                                                                                                                                                                                                                                                                                                                                                                                                                                                                                                                                                                                                                                                                                                          f 167/72/156 168/71/178 185/71/198 184/72/196
                                                                                                                                                                                                                                                                                                                                                                                                                                                                                                                                                                                                                                                                                                                                                                                                                                                                                                                                                                                                                                                                                                                                                                                                                                                                                                                                                                                                                                                                                                                                                                                                                                                                                                                                                                                                                                                                                                                                                                                                                                                                                                                                                                                                                                                                                                                                                                                                                                                                                                                                                                          f 175/66/176 176/64/179 193/64/199 192/66/197
                                                                                                                                                                                                                                                                                                                                                                                                                                                                                                                                                                                                                                                                                                                                                                                                                                                                                                                                                                                                                                                                                                                                                                                                                                                                                                                                                                                                                                                                                                                                                                                                                                                                                                                                                                                                                                                                                                                                                                                                                                                                                                                                                                                                                                                                                                                                                                                                                                                                                                                                                                                                                    f 168/71/178 169/70/180 186/70/200 185/71/198
                                                                                                                                                                                                                                                                                                                                                                                                                                                                                                                                                                                                                                                                                                                                                                                                                                                                                                                                                                                                                                                                                                                                                                                                                                                                                                                                                                                                                                                                                                                                                                                                                                                                                                                                                                                                                                                                                                                                                                                                                                                                                                                                                                                                                                                                                                                                                                                                                                                                                                                                                                                                                                                             f 162/77/181 179/77/201 178/65/202 161/65/182
                                                                                                                                                                                                                                                                                                                                                                                                                                                                                                                                                                                                                                                                                                                                                                                                                                                                                                                                                                                                                                                                                                                                                                                                                                                                                                                                                                                                                                                                                                                                                                                                                                                                                                                                                                                                                                                                                                                                                                                                                                                                                                                                                                                                                                                                                                                                                                                                                                                                                                                                                                                                                                                                                                    f 286/67/203 287/62/183 303/65/184 302/65/204
                                                                                                                                                                                                                                                                                                                                                                                                                                                                                                                                                                                                                                                                                                                                                                                                                                                                                                                                                                                                                                                                                                                                                                                                                                                                                                                                                                                                                                                                                                                                                                                                                                                                                                                                                                                                                                                                                                                                                                                                                                                                                                                                                                                                                                                                                                                                                                                                                                                                                                                                                                                                                                                                                                                                          f 169/70/180 170/69/185 187/69/205 186/70/200
                                                                                                                                                                                                                                                                                                                                                                                                                                                                                                                                                                                                                                                                                                                                                                                                                                                                                                                                                                                                                                                                                                                                                                                                                                                                                                                                                                                                                                                                                                                                                                                                                                                                                                                                                                                                                                                                                                                                                                                                                                                                                                                                                                                                                                                                                                                                                                                                                                                                                                                                                                                                                                                                                                                                                                             f 162/77/181 163/76/186 180/76/206 179/77/201
                                                                                                                                                                                                                                                                                                                                                                                                                                                                                                                                                                                                                                                                                                                                                                                                                                                                                                                                                                                                                                                                                                                                                                                                                                                                                                                                                                                                                                                                                                                                                                                                                                                                                                                                                                                                                                                                                                                                                                                                                                                                                                                                                                                                                                                                                                                                                                                                                                                                                                                                                                                                                                                                                                                                                                                                            f 170/69/185 171/68/187 188/68/207 187/69/205
                                                                                                                                                                                                                                                                                                                                                                                                                                                                                                                                                                                                                                                                                                                                                                                                                                                                                                                                                                                                                                                                                                                                                                                                                                                                                                                                                                                                                                                                                                                                                                                                                                                                                                                                                                                                                                                                                                                                                                                                                                                                                                                                                                                                                                                                                                                                                                                                                                                                                                                                                                                                                                                                                                                                                                                                                                          f 163/76/186 164/75/188 181/75/191 180/76/206
                                                                                                                                                                                                                                                                                                                                                                                                                                                                                                                                                                                                                                                                                                                                                                                                                                                                                                                                                                                                                                                                                                                                                                                                                                                                                                                                                                                                                                                                                                                                                                                                                                                                                                                                                                                                                                                                                                                                                                                                                                                                                                                                                                                                                                                                                                                                                                                                                                                                                                                                                                                                                                                                                                                                                                                                                                                                      f 171/68/187 172/67/189 189/67/208 188/68/207
                                                                                                                                                                                                                                                                                                                                                                                                                                                                                                                                                                                                                                                                                                                                                                                                                                                                                                                                                                                                                                                                                                                                                                                                                                                                                                                                                                                                                                                                                                                                                                                                                                                                                                                                                                                                                                                                                                                                                                                                                                                                                                                                                                                                                                                                                                                                                                                                                                                                                                                                                                                                                                                                                                                                                                                                                                                                                                 f 164/75/188 165/74/173 182/74/175 181/75/191
                                                                                                                                                                                                                                                                                                                                                                                                                                                                                                                                                                                                                                                                                                                                                                                                                                                                                                                                                                                                                                                                                                                                                                                                                                                                                                                                                                                                                                                                                                                                                                                                                                                                                                                                                                                                                                                                                                                                                                                                                                                                                                                                                                                                                                                                                                                                                                                                                                                                                                                                                                                                                                                                                                                                                                                                                                                                           f 172/67/189 173/62/190 190/62/195 189/67/208
                                                                                                                                                                                                                                                                                                                                                                                                                                                                                                                                                                                                                                                                                                                                                                                                                                                                                                                                                                                                                                                                                                                                                                                                                                                                                                                                                                                                                                                                                                                                                                                                                                                                                                                                                                                                                                                                                                                                                                                                                                                                                                                                                                                                                                                                                                                                                                                                                                                                                                                                                                                                                                                                                                                                                                                                                                                                                                                     f 197/76/209 198/75/193 214/75/210 213/76/211
                                                                                                                                                                                                                                                                                                                                                                                                                                                                                                                                                                                                                                                                                                                                                                                                                                                                                                                                                                                                                                                                                                                                                                                                                                                                                                                                                                                                                                                                                                                                                                                                                                                                                                                                                                                                                                                                                                                                                                                                                                                                                                                                                                                                                                                                                                                                                                                                                                                                                                                                                                                                                                                                                                                                                                                                                                                                                                                                                              f 189/67/208 190/62/195 207/62/212 206/67/213
                                                                                                                                                                                                                                                                                                                                                                                                                                                                                                                                                                                                                                                                                                                                                                                                                                                                                                                                                                                                                                                                                                                                                                                                                                                                                                                                                                                                                                                                                                                                                                                                                                                                                                                                                                                                                                                                                                                                                                                                                                                                                                                                                                                                                                                                                                                                                                                                                                                                                                                                                                                                                                                                                                                                                                                                                                                                                                                                                                                                     f 182/74/175 183/73/174 200/73/214 199/74/192
                                                                                                                                                                                                                                                                                                                                                                                                                                                                                                                                                                                                                                                                                                                                                                                                                                                                                                                                                                                                                                                                                                                                                                                                                                                                                                                                                                                                                                                                                                                                                                                                                                                                                                                                                                                                                                                                                                                                                                                                                                                                                                                                                                                                                                                                                                                                                                                                                                                                                                                                                                                                                                                                                                                                                                                                                                                                                                                                                                                                                                           f 190/62/195 191/63/194 208/63/215 207/62/212
                                                                                                                                                                                                                                                                                                                                                                                                                                                                                                                                                                                                                                                                                                                                                                                                                                                                                                                                                                                                                                                                                                                                                                                                                                                                                                                                                                                                                                                                                                                                                                                                                                                                                                                                                                                                                                                                                                                                                                                                                                                                                                                                                                                                                                                                                                                                                                                                                                                                                                                                                                                                                                                                                                                                                                                                                                                                                                                                                                                                                                                                              f 183/73/174 184/72/196 201/72/216 200/73/214
                                                                                                                                                                                                                                                                                                                                                                                                                                                                                                                                                                                                                                                                                                                                                                                                                                                                                                                                                                                                                                                                                                                                                                                                                                                                                                                                                                                                                                                                                                                                                                                                                                                                                                                                                                                                                                                                                                                                                                                                                                                                                                                                                                                                                                                                                                                                                                                                                                                                                                                                                                                                                                                                                                                                                                                                                                                                                                                                                                                                                                                                                                             f 191/63/194 192/66/197 209/66/217 208/63/215
                                                                                                                                                                                                                                                                                                                                                                                                                                                                                                                                                                                                                                                                                                                                                                                                                                                                                                                                                                                                                                                                                                                                                                                                                                                                                                                                                                                                                                                                                                                                                                                                                                                                                                                                                                                                                                                                                                                                                                                                                                                                                                                                                                                                                                                                                                                                                                                                                                                                                                                                                                                                                                                                                                                                                                                                                                                                                                                                                                                                                                                                                                                                           f 184/72/196 185/71/198 202/71/218 201/72/216
                                                                                                                                                                                                                                                                                                                                                                                                                                                                                                                                                                                                                                                                                                                                                                                                                                                                                                                                                                                                                                                                                                                                                                                                                                                                                                                                                                                                                                                                                                                                                                                                                                                                                                                                                                                                                                                                                                                                                                                                                                                                                                                                                                                                                                                                                                                                                                                                                                                                                                                                                                                                                                                                                                                                                                                                                                                                                                                                                                                                                                                                                                                                                                       f 192/66/197 193/64/199 210/64/219 209/66/217
                                                                                                                                                                                                                                                                                                                                                                                                                                                                                                                                                                                                                                                                                                                                                                                                                                                                                                                                                                                                                                                                                                                                                                                                                                                                                                                                                                                                                                                                                                                                                                                                                                                                                                                                                                                                                                                                                                                                                                                                                                                                                                                                                                                                                                                                                                                                                                                                                                                                                                                                                                                                                                                                                                                                                                                                                                                                                                                                                                                                                                                                                                                                                                                                  f 185/71/198 186/70/200 203/70/220 202/71/218
                                                                                                                                                                                                                                                                                                                                                                                                                                                                                                                                                                                                                                                                                                                                                                                                                                                                                                                                                                                                                                                                                                                                                                                                                                                                                                                                                                                                                                                                                                                                                                                                                                                                                                                                                                                                                                                                                                                                                                                                                                                                                                                                                                                                                                                                                                                                                                                                                                                                                                                                                                                                                                                                                                                                                                                                                                                                                                                                                                                                                                                                                                                                                                       f 179/77/201 196/77/221 195/65/222 178/65/202
                                                                                                                                                                                                                                                                                                                                                                                                                                                                                                                                                                                                                                                                                                                                                                                                                                                                                                                                                                                                                                                                                                                                                                                                                                                                                                                                                                                                                                                                                                                                                                                                                                                                                                                                                                                                                                                                                                                                                                                                                                                                                                                                                                                                                                                                                                                                                                                                                                                                                                                                                                                                                                                                                                                                                                                                                                                                                                                                                                                                                                                                                                                                                                                                                 f 285/68/223 286/67/203 302/65/204 301/65/224
                                                                                                                                                                                                                                                                                                                                                                                                                                                                                                                                                                                                                                                                                                                                                                                                                                                                                                                                                                                                                                                                                                                                                                                                                                                                                                                                                                                                                                                                                                                                                                                                                                                                                                                                                                                                                                                                                                                                                                                                                                                                                                                                                                                                                                                                                                                                                                                                                                                                                                                                                                                                                                                                                                                                                                                                                                                                                                                                                                                                                                                                                                                                                                                                                                                          f 186/70/200 187/69/205 204/69/225 203/70/220
                                                                                                                                                                                                                                                                                                                                                                                                                                                                                                                                                                                                                                                                                                                                                                                                                                                                                                                                                                                                                                                                                                                                                                                                                                                                                                                                                                                                                                                                                                                                                                                                                                                                                                                                                                                                                                                                                                                                                                                                                                                                                                                                                                                                                                                                                                                                                                                                                                                                                                                                                                                                                                                                                                                                                                                                                                                                                                                                                                                                                                                                                                                                                                                                                                                                                                 f 179/77/201 180/76/206 197/76/209 196/77/221
                                                                                                                                                                                                                                                                                                                                                                                                                                                                                                                                                                                                                                                                                                                                                                                                                                                                                                                                                                                                                                                                                                                                                                                                                                                                                                                                                                                                                                                                                                                                                                                                                                                                                                                                                                                                                                                                                                                                                                                                                                                                                                                                                                                                                                                                                                                                                                                                                                                                                                                                                                                                                                                                                                                                                                                                                                                                                                                                                                                                                                                                                                                                                                                                                                                                                                                                       f 187/69/205 188/68/207 205/68/226 204/69/225
                                                                                                                                                                                                                                                                                                                                                                                                                                                                                                                                                                                                                                                                                                                                                                                                                                                                                                                                                                                                                                                                                                                                                                                                                                                                                                                                                                                                                                                                                                                                                                                                                                                                                                                                                                                                                                                                                                                                                                                                                                                                                                                                                                                                                                                                                                                                                                                                                                                                                                                                                                                                                                                                                                                                                                                                                                                                                                                                                                                                                                                                                                                                                                                                                                                                                                                                                                          f 180/76/206 181/75/191 198/75/193 197/76/209
                                                                                                                                                                                                                                                                                                                                                                                                                                                                                                                                                                                                                                                                                                                                                                                                                                                                                                                                                                                                                                                                                                                                                                                                                                                                                                                                                                                                                                                                                                                                                                                                                                                                                                                                                                                                                                                                                                                                                                                                                                                                                                                                                                                                                                                                                                                                                                                                                                                                                                                                                                                                                                                                                                                                                                                                                                                                                                                                                                                                                                                                                                                                                                                                                                                                                                                                                                                                         f 188/68/207 189/67/208 206/67/213 205/68/226
                                                                                                                                                                                                                                                                                                                                                                                                                                                                                                                                                                                                                                                                                                                                                                                                                                                                                                                                                                                                                                                                                                                                                                                                                                                                                                                                                                                                                                                                                                                                                                                                                                                                                                                                                                                                                                                                                                                                                                                                                                                                                                                                                                                                                                                                                                                                                                                                                                                                                                                                                                                                                                                                                                                                                                                                                                                                                                                                                                                                                                                                                                                                                                                                                                                                                                                                                                                                                                       f 212/77/227 213/76/211 229/76/228 228/77/229
                                                                                                                                                                                                                                                                                                                                                                                                                                                                                                                                                                                                                                                                                                                                                                                                                                                                                                                                                                                                                                                                                                                                                                                                                                                                                                                                                                                                                                                                                                                                                                                                                                                                                                                                                                                                                                                                                                                                                                                                                                                                                                                                                                                                                                                                                                                                                                                                                                                                                                                                                                                                                                                                                                                                                                                                                                                                                                                                                                                                                                                                                                                                                                                                                                                                                                                                                                                                                                                                   f 205/68/226 206/67/213 222/67/230 221/68/231
                                                                                                                                                                                                                                                                                                                                                                                                                                                                                                                                                                                                                                                                                                                                                                                                                                                                                                                                                                                                                                                                                                                                                                                                                                                                                                                                                                                                                                                                                                                                                                                                                                                                                                                                                                                                                                                                                                                                                                                                                                                                                                                                                                                                                                                                                                                                                                                                                                                                                                                                                                                                                                                                                                                                                                                                                                                                                                                                                                                                                                                                                                                                                                                                                                                                                                                                                                                                                                                                                              f 198/75/193 199/74/192 215/74/232 214/75/210
                                                                                                                                                                                                                                                                                                                                                                                                                                                                                                                                                                                                                                                                                                                                                                                                                                                                                                                                                                                                                                                                                                                                                                                                                                                                                                                                                                                                                                                                                                                                                                                                                                                                                                                                                                                                                                                                                                                                                                                                                                                                                                                                                                                                                                                                                                                                                                                                                                                                                                                                                                                                                                                                                                                                                                                                                                                                                                                                                                                                                                                                                                                                                                                                                                                                                                                                                                                                                                             f 206/67/213 207/62/212 223/62/233 222/67/230
                                                                                                                                                                                                                                                                                                                                                                                                                                                                                                                                                                                                                                                                                                                                                                                                                                                                                                                                                                                                                                                                                                                                                                                                                                                                                                                                                                                                                                                                                                                                                                                                                                                                                                                                                                                                                                                                                                                                                                                                                                                                                                                                                                                                                                                                                                                                                                                                                                                                                                                                                                                                                                                                                                                                                                                                                                                                                                                                                                                                                                                                                                                                                                                                                                                                                                                                                                                                                                                                                       f 199/74/192 200/73/214 216/73/234 215/74/232
                                                                                                                                                                                                                                                                                                                                                                                                                                                                                                                                                                                                                                                                                                                                                                                                                                                                                                                                                                                                                                                                                                                                                                                                                                                                                                                                                                                                                                                                                                                                                                                                                                                                                                                                                                                                                                                                                                                                                                                                                                                                                                                                                                                                                                                                                                                                                                                                                                                                                                                                                                                                                                                                                                                                                                                                                                                                                                                                                                                                                                                                                                                                                                                                                                                                                                                                                                                                                                                                                                                                f 207/62/212 208/63/215 224/63/235 223/62/233
                                                                                                                                                                                                                                                                                                                                                                                                                                                                                                                                                                                                                                                                                                                                                                                                                                                                                                                                                                                                                                                                                                                                                                                                                                                                                                                                                                                                                                                                                                                                                                                                                                                                                                                                                                                                                                                                                                                                                                                                                                                                                                                                                                                                                                                                                                                                                                                                                                                                                                                                                                                                                                                                                                                                                                                                                                                                                                                                                                                                                                                                                                                                                                                                                                                                                                                                                                                                                                                                                                                                                                       f 200/73/214 201/72/216 217/72/236 216/73/234
                                                                                                                                                                                                                                                                                                                                                                                                                                                                                                                                                                                                                                                                                                                                                                                                                                                                                                                                                                                                                                                                                                                                                                                                                                                                                                                                                                                                                                                                                                                                                                                                                                                                                                                                                                                                                                                                                                                                                                                                                                                                                                                                                                                                                                                                                                                                                                                                                                                                                                                                                                                                                                                                                                                                                                                                                                                                                                                                                                                                                                                                                                                                                                                                                                                                                                                                                                                                                                                                                                                                                                                                             f 208/63/215 209/66/217 225/66/237 224/63/235
                                                                                                                                                                                                                                                                                                                                                                                                                                                                                                                                                                                                                                                                                                                                                                                                                                                                                                                                                                                                                                                                                                                                                                                                                                                                                                                                                                                                                                                                                                                                                                                                                                                                                                                                                                                                                                                                                                                                                                                                                                                                                                                                                                                                                                                                                                                                                                                                                                                                                                                                                                                                                                                                                                                                                                                                                                                                                                                                                                                                                                                                                                                                                                                                                                                                                                                                                                                                                                                                                                                                                                                                                                                f 201/72/216 202/71/218 218/71/238 217/72/236
                                                                                                                                                                                                                                                                                                                                                                                                                                                                                                                                                                                                                                                                                                                                                                                                                                                                                                                                                                                                                                                                                                                                                                                                                                                                                                                                                                                                                                                                                                                                                                                                                                                                                                                                                                                                                                                                                                                                                                                                                                                                                                                                                                                                                                                                                                                                                                                                                                                                                                                                                                                                                                                                                                                                                                                                                                                                                                                                                                                                                                                                                                                                                                                                                                                                                                                                                                                                                                                                                                                                                                                                                                                                               f 209/66/217 210/64/219 226/64/239 225/66/237
                                                                                                                                                                                                                                                                                                                                                                                                                                                                                                                                                                                                                                                                                                                                                                                                                                                                                                                                                                                                                                                                                                                                                                                                                                                                                                                                                                                                                                                                                                                                                                                                                                                                                                                                                                                                                                                                                                                                                                                                                                                                                                                                                                                                                                                                                                                                                                                                                                                                                                                                                                                                                                                                                                                                                                                                                                                                                                                                                                                                                                                                                                                                                                                                                                                                                                                                                                                                                                                                                                                                                                                                                                                                                                             f 202/71/218 203/70/220 219/70/240 218/71/238
                                                                                                                                                                                                                                                                                                                                                                                                                                                                                                                                                                                                                                                                                                                                                                                                                                                                                                                                                                                                                                                                                                                                                                                                                                                                                                                                                                                                                                                                                                                                                                                                                                                                                                                                                                                                                                                                                                                                                                                                                                                                                                                                                                                                                                                                                                                                                                                                                                                                                                                                                                                                                                                                                                                                                                                                                                                                                                                                                                                                                                                                                                                                                                                                                                                                                                                                                                                                                                                                                                                                                                                                                                                                                                                                         f 195/65/222 196/77/221 212/77/227 211/65/241
                                                                                                                                                                                                                                                                                                                                                                                                                                                                                                                                                                                                                                                                                                                                                                                                                                                                                                                                                                                                                                                                                                                                                                                                                                                                                                                                                                                                                                                                                                                                                                                                                                                                                                                                                                                                                                                                                                                                                                                                                                                                                                                                                                                                                                                                                                                                                                                                                                                                                                                                                                                                                                                                                                                                                                                                                                                                                                                                                                                                                                                                                                                                                                                                                                                                                                                                                                                                                                                                                                                                                                                                                                                                                                                                                                    f 284/69/242 285/68/223 301/65/224 300/65/243
                                                                                                                                                                                                                                                                                                                                                                                                                                                                                                                                                                                                                                                                                                                                                                                                                                                                                                                                                                                                                                                                                                                                                                                                                                                                                                                                                                                                                                                                                                                                                                                                                                                                                                                                                                                                                                                                                                                                                                                                                                                                                                                                                                                                                                                                                                                                                                                                                                                                                                                                                                                                                                                                                                                                                                                                                                                                                                                                                                                                                                                                                                                                                                                                                                                                                                                                                                                                                                                                                                                                                                                                                                                                                                             f 203/70/220 204/69/225 220/69/244 219/70/240
                                                                                                                                                                                                                                                                                                                                                                                                                                                                                                                                                                                                                                                                                                                                                                                                                                                                                                                                                                                                                                                                                                                                                                                                                                                                                                                                                                                                                                                                                                                                                                                                                                                                                                                                                                                                                                                                                                                                                                                                                                                                                                                                                                                                                                                                                                                                                                                                                                                                                                                                                                                                                                                                                                                                                                                                                                                                                                                                                                                                                                                                                                                                                                                                                                                                                                                                                                                                                                                                                                                                                                                                                                                                                                                                                       f 196/77/221 197/76/209 213/76/211 212/77/227
                                                                                                                                                                                                                                                                                                                                                                                                                                                                                                                                                                                                                                                                                                                                                                                                                                                                                                                                                                                                                                                                                                                                                                                                                                                                                                                                                                                                                                                                                                                                                                                                                                                                                                                                                                                                                                                                                                                                                                                                                                                                                                                                                                                                                                                                                                                                                                                                                                                                                                                                                                                                                                                                                                                                                                                                                                                                                                                                                                                                                                                                                                                                                                                                                                                                                                                                                                                                                                                                                                                                                                                                                                                                                                                                                                                                f 204/69/225 205/68/226 221/68/231 220/69/244
                                                                                                                                                                                                                                                                                                                                                                                                                                                                                                                                                                                                                                                                                                                                                                                                                                                                                                                                                                                                                                                                                                                                                                                                                                                                                                                                                                                                                                                                                                                                                                                                                                                                                                                                                                                                                                                                                                                                                                                                                                                                                                                                                                                                                                                                                                                                                                                                                                                                                                                                                                                                                                                                                                                                                                                                                                                                                                                                                                                                                                                                                                                                                                                                                                                                                                                                                                                                                                                                                                                                                                                                                                                                                                                                                                                                                                       f 211/65/241 212/77/227 228/77/229 227/65/245
                                                                                                                                                                                                                                                                                                                                                                                                                                                                                                                                                                                                                                                                                                                                                                                                                                                                                                                                                                                                                                                                                                                                                                                                                                                                                                                                                                                                                                                                                                                                                                                                                                                                                                                                                                                                                                                                                                                                                                                                                                                                                                                                                                                                                                                                                                                                                                                                                                                                                                                                                                                                                                                                                                                                                                                                                                                                                                                                                                                                                                                                                                                                                                                                                                                                                                                                                                                                                                                                                                                                                                                                                                                                                                                                                                                                                                                                             f 220/69/244 221/68/231 237/68/246 236/69/247
                                                                                                                                                                                                                                                                                                                                                                                                                                                                                                                                                                                                                                                                                                                                                                                                                                                                                                                                                                                                                                                                                                                                                                                                                                                                                                                                                                                                                                                                                                                                                                                                                                                                                                                                                                                                                                                                                                                                                                                                                                                                                                                                                                                                                                                                                                                                                                                                                                                                                                                                                                                                                                                                                                                                                                                                                                                                                                                                                                                                                                                                                                                                                                                                                                                                                                                                                                                                                                                                                                                                                                                                                                                                                                                                                                                                                                                                                                                f 213/76/211 214/75/210 230/75/248 229/76/228
                                                                                                                                                                                                                                                                                                                                                                                                                                                                                                                                                                                                                                                                                                                                                                                                                                                                                                                                                                                                                                                                                                                                                                                                                                                                                                                                                                                                                                                                                                                                                                                                                                                                                                                                                                                                                                                                                                                                                                                                                                                                                                                                                                                                                                                                                                                                                                                                                                                                                                                                                                                                                                                                                                                                                                                                                                                                                                                                                                                                                                                                                                                                                                                                                                                                                                                                                                                                                                                                                                                                                                                                                                                                                                                                                                                                                                                                                                                                               f 221/68/231 222/67/230 238/67/249 237/68/246
                                                                                                                                                                                                                                                                                                                                                                                                                                                                                                                                                                                                                                                                                                                                                                                                                                                                                                                                                                                                                                                                                                                                                                                                                                                                                                                                                                                                                                                                                                                                                                                                                                                                                                                                                                                                                                                                                                                                                                                                                                                                                                                                                                                                                                                                                                                                                                                                                                                                                                                                                                                                                                                                                                                                                                                                                                                                                                                                                                                                                                                                                                                                                                                                                                                                                                                                                                                                                                                                                                                                                                                                                                                                                                                                                                                                                                                                                                                                                                             f 214/75/210 215/74/232 231/74/250 230/75/248
                                                                                                                                                                                                                                                                                                                                                                                                                                                                                                                                                                                                                                                                                                                                                                                                                                                                                                                                                                                                                                                                                                                                                                                                                                                                                                                                                                                                                                                                                                                                                                                                                                                                                                                                                                                                                                                                                                                                                                                                                                                                                                                                                                                                                                                                                                                                                                                                                                                                                                                                                                                                                                                                                                                                                                                                                                                                                                                                                                                                                                                                                                                                                                                                                                                                                                                                                                                                                                                                                                                                                                                                                                                                                                                                                                                                                                                                                                                                                                                                         f 222/67/230 223/62/233 239/62/251 238/67/249
                                                                                                                                                                                                                                                                                                                                                                                                                                                                                                                                                                                                                                                                                                                                                                                                                                                                                                                                                                                                                                                                                                                                                                                                                                                                                                                                                                                                                                                                                                                                                                                                                                                                                                                                                                                                                                                                                                                                                                                                                                                                                                                                                                                                                                                                                                                                                                                                                                                                                                                                                                                                                                                                                                                                                                                                                                                                                                                                                                                                                                                                                                                                                                                                                                                                                                                                                                                                                                                                                                                                                                                                                                                                                                                                                                                                                                                                                                                                                                                                                                    f 215/74/232 216/73/234 232/73/252 231/74/250
                                                                                                                                                                                                                                                                                                                                                                                                                                                                                                                                                                                                                                                                                                                                                                                                                                                                                                                                                                                                                                                                                                                                                                                                                                                                                                                                                                                                                                                                                                                                                                                                                                                                                                                                                                                                                                                                                                                                                                                                                                                                                                                                                                                                                                                                                                                                                                                                                                                                                                                                                                                                                                                                                                                                                                                                                                                                                                                                                                                                                                                                                                                                                                                                                                                                                                                                                                                                                                                                                                                                                                                                                                                                                                                                                                                                                                                                                                                                                       f 223/62/233 224/63/235 240/63/253 239/62/251
                                                                                                                                                                                                                                                                                                                                                                                                                                                                                                                                                                                                                                                                                                                                                                                                                                                                                                                                                                                                                                                                                                                                                                                                                                                                                                                                                                                                                                                                                                                                                                                                                                                                                                                                                                                                                                                                                                                                                                                                                                                                                                                                                                                                                                                                                                                                                                                                                                                                                                                                                                                                                                                                                                                                                                                                                                                                                                                                                                                                                                                                                                                                                                                                                                                                                                                                                                                                                                                                                                                                                                                                                                                                                                                                                                                                                                                                                                                                                                                                 f 216/73/234 217/72/236 233/72/254 232/73/252
                                                                                                                                                                                                                                                                                                                                                                                                                                                                                                                                                                                                                                                                                                                                                                                                                                                                                                                                                                                                                                                                                                                                                                                                                                                                                                                                                                                                                                                                                                                                                                                                                                                                                                                                                                                                                                                                                                                                                                                                                                                                                                                                                                                                                                                                                                                                                                                                                                                                                                                                                                                                                                                                                                                                                                                                                                                                                                                                                                                                                                                                                                                                                                                                                                                                                                                                                                                                                                                                                                                                                                                                                                                                                                                                                                                                                                                                                                                                                                                                                                          f 224/63/235 225/66/237 241/66/255 240/63/253
                                                                                                                                                                                                                                                                                                                                                                                                                                                                                                                                                                                                                                                                                                                                                                                                                                                                                                                                                                                                                                                                                                                                                                                                                                                                                                                                                                                                                                                                                                                                                                                                                                                                                                                                                                                                                                                                                                                                                                                                                                                                                                                                                                                                                                                                                                                                                                                                                                                                                                                                                                                                                                                                                                                                                                                                                                                                                                                                                                                                                                                                                                                                                                                                                                                                                                                                                                                                                                                                                                                                                                                                                                                                                                                                                                                                                                                                                                                                                                                                                                                                                 f 217/72/236 218/71/238 234/71/256 233/72/254
                                                                                                                                                                                                                                                                                                                                                                                                                                                                                                                                                                                                                                                                                                                                                                                                                                                                                                                                                                                                                                                                                                                                                                                                                                                                                                                                                                                                                                                                                                                                                                                                                                                                                                                                                                                                                                                                                                                                                                                                                                                                                                                                                                                                                                                                                                                                                                                                                                                                                                                                                                                                                                                                                                                                                                                                                                                                                                                                                                                                                                                                                                                                                                                                                                                                                                                                                                                                                                                                                                                                                                                                                                                                                                                                                                                                                                                                                                                                                                                                                                                                                                                       f 225/66/237 226/64/239 242/64/257 241/66/255
                                                                                                                                                                                                                                                                                                                                                                                                                                                                                                                                                                                                                                                                                                                                                                                                                                                                                                                                                                                                                                                                                                                                                                                                                                                                                                                                                                                                                                                                                                                                                                                                                                                                                                                                                                                                                                                                                                                                                                                                                                                                                                                                                                                                                                                                                                                                                                                                                                                                                                                                                                                                                                                                                                                                                                                                                                                                                                                                                                                                                                                                                                                                                                                                                                                                                                                                                                                                                                                                                                                                                                                                                                                                                                                                                                                                                                                                                                                                                                                                                                                                                                                                                          f 218/71/238 219/70/240 235/70/258 234/71/256
                                                                                                                                                                                                                                                                                                                                                                                                                                                                                                                                                                                                                                                                                                                                                                                                                                                                                                                                                                                                                                                                                                                                                                                                                                                                                                                                                                                                                                                                                                                                                                                                                                                                                                                                                                                                                                                                                                                                                                                                                                                                                                                                                                                                                                                                                                                                                                                                                                                                                                                                                                                                                                                                                                                                                                                                                                                                                                                                                                                                                                                                                                                                                                                                                                                                                                                                                                                                                                                                                                                                                                                                                                                                                                                                                                                                                                                                                                                                                                                                                                                                                                                                                                                         f 228/77/229 244/77/259 243/65/260 227/65/245
                                                                                                                                                                                                                                                                                                                                                                                                                                                                                                                                                                                                                                                                                                                                                                                                                                                                                                                                                                                                                                                                                                                                                                                                                                                                                                                                                                                                                                                                                                                                                                                                                                                                                                                                                                                                                                                                                                                                                                                                                                                                                                                                                                                                                                                                                                                                                                                                                                                                                                                                                                                                                                                                                                                                                                                                                                                                                                                                                                                                                                                                                                                                                                                                                                                                                                                                                                                                                                                                                                                                                                                                                                                                                                                                                                                                                                                                                                                                                                                                                                                                                                                                                                                                                       f 283/70/261 284/69/242 300/65/243 299/65/262
                                                                                                                                                                                                                                                                                                                                                                                                                                                                                                                                                                                                                                                                                                                                                                                                                                                                                                                                                                                                                                                                                                                                                                                                                                                                                                                                                                                                                                                                                                                                                                                                                                                                                                                                                                                                                                                                                                                                                                                                                                                                                                                                                                                                                                                                                                                                                                                                                                                                                                                                                                                                                                                                                                                                                                                                                                                                                                                                                                                                                                                                                                                                                                                                                                                                                                                                                                                                                                                                                                                                                                                                                                                                                                                                                                                                                                                                                                                                                                                                                                                                                                                                                                                                                                                   f 219/70/240 220/69/244 236/69/247 235/70/258
                                                                                                                                                                                                                                                                                                                                                                                                                                                                                                                                                                                                                                                                                                                                                                                                                                                                                                                                                                                                                                                                                                                                                                                                                                                                                                                                                                                                                                                                                                                                                                                                                                                                                                                                                                                                                                                                                                                                                                                                                                                                                                                                                                                                                                                                                                                                                                                                                                                                                                                                                                                                                                                                                                                                                                                                                                                                                                                                                                                                                                                                                                                                                                                                                                                                                                                                                                                                                                                                                                                                                                                                                                                                                                                                                                                                                                                                                                                                                                                                                                                                                                                                                                                                                                                                              f 298/65/263 282/71/264 283/70/261 299/65/262
                                                                                                                                                                                                                                                                                                                                                                                                                                                                                                                                                                                                                                                                                                                                                                                                                                                                                                                                                                                                                                                                                                                                                                                                                                                                                                                                                                                                                                                                                                                                                                                                                                                                                                                                                                                                                                                                                                                                                                                                                                                                                                                                                                                                                                                                                                                                                                                                                                                                                                                                                                                                                                                                                                                                                                                                                                                                                                                                                                                                                                                                                                                                                                                                                                                                                                                                                                                                                                                                                                                                                                                                                                                                                                                                                                                                                                                                                                                                                                                                                                                                                                                                                                                         f 235/70/258 236/69/247 252/69/265 251/70/266
                                                                                                                                                                                                                                                                                                                                                                                                                                                                                                                                                                                                                                                                                                                                                                                                                                                                                                                                                                                                                                                                                                                                                                                                                                                                                                                                                                                                                                                                                                                                                                                                                                                                                                                                                                                                                                                                                                                                                                                                                                                                                                                                                                                                                                                                                                                                                                                                                                                                                                                                                                                                                                                                                                                                                                                                                                                                                                                                                                                                                                                                                                                                                                                                                                                                                                                                                                                                                                                                                                                                                                                                                                                                                                                                                                                                                                                                                                                                                                                                                                                                                                                                                                                                                                   f 228/77/229 229/76/228 245/76/267 244/77/259
                                                                                                                                                                                                                                                                                                                                                                                                                                                                                                                                                                                                                                                                                                                                                                                                                                                                                                                                                                                                                                                                                                                                                                                                                                                                                                                                                                                                                                                                                                                                                                                                                                                                                                                                                                                                                                                                                                                                                                                                                                                                                                                                                                                                                                                                                                                                                                                                                                                                                                                                                                                                                                                                                                                                                                                                                                                                                                                                                                                                                                                                                                                                                                                                                                                                                                                                                                                                                                                                                                                                                                                                                                                                                                                                                                                                                                                                                                                                                                                                                                                                                                                                                                                                                                                                            f 236/69/247 237/68/246 253/68/268 252/69/265
                                                                                                                                                                                                                                                                                                                                                                                                                                                                                                                                                                                                                                                                                                                                                                                                                                                                                                                                                                                                                                                                                                                                                                                                                                                                                                                                                                                                                                                                                                                                                                                                                                                                                                                                                                                                                                                                                                                                                                                                                                                                                                                                                                                                                                                                                                                                                                                                                                                                                                                                                                                                                                                                                                                                                                                                                                                                                                                                                                                                                                                                                                                                                                                                                                                                                                                                                                                                                                                                                                                                                                                                                                                                                                                                                                                                                                                                                                                                                                                                                                                                                                                                                                                                                                                                                                                   f 229/76/228 230/75/248 246/75/269 245/76/267
                                                                                                                                                                                                                                                                                                                                                                                                                                                                                                                                                                                                                                                                                                                                                                                                                                                                                                                                                                                                                                                                                                                                                                                                                                                                                                                                                                                                                                                                                                                                                                                                                                                                                                                                                                                                                                                                                                                                                                                                                                                                                                                                                                                                                                                                                                                                                                                                                                                                                                                                                                                                                                                                                                                                                                                                                                                                                                                                                                                                                                                                                                                                                                                                                                                                                                                                                                                                                                                                                                                                                                                                                                                                                                                                                                                                                                                                                                                                                                                                                                                                                                                                                                                                                                                                                                                                                         f 237/68/246 238/67/249 254/67/270 253/68/268
                                                                                                                                                                                                                                                                                                                                                                                                                                                                                                                                                                                                                                                                                                                                                                                                                                                                                                                                                                                                                                                                                                                                                                                                                                                                                                                                                                                                                                                                                                                                                                                                                                                                                                                                                                                                                                                                                                                                                                                                                                                                                                                                                                                                                                                                                                                                                                                                                                                                                                                                                                                                                                                                                                                                                                                                                                                                                                                                                                                                                                                                                                                                                                                                                                                                                                                                                                                                                                                                                                                                                                                                                                                                                                                                                                                                                                                                                                                                                                                                                                                                                                                                                                                                                                                                                                                                                                                            f 230/75/248 231/74/250 247/74/271 246/75/269
                                                                                                                                                                                                                                                                                                                                                                                                                                                                                                                                                                                                                                                                                                                                                                                                                                                                                                                                                                                                                                                                                                                                                                                                                                                                                                                                                                                                                                                                                                                                                                                                                                                                                                                                                                                                                                                                                                                                                                                                                                                                                                                                                                                                                                                                                                                                                                                                                                                                                                                                                                                                                                                                                                                                                                                                                                                                                                                                                                                                                                                                                                                                                                                                                                                                                                                                                                                                                                                                                                                                                                                                                                                                                                                                                                                                                                                                                                                                                                                                                                                                                                                                                                                                                                                                                                                                                                                                                           f 238/67/249 239/62/251 255/62/272 254/67/270
                                                                                                                                                                                                                                                                                                                                                                                                                                                                                                                                                                                                                                                                                                                                                                                                                                                                                                                                                                                                                                                                                                                                                                                                                                                                                                                                                                                                                                                                                                                                                                                                                                                                                                                                                                                                                                                                                                                                                                                                                                                                                                                                                                                                                                                                                                                                                                                                                                                                                                                                                                                                                                                                                                                                                                                                                                                                                                                                                                                                                                                                                                                                                                                                                                                                                                                                                                                                                                                                                                                                                                                                                                                                                                                                                                                                                                                                                                                                                                                                                                                                                                                                                                                                                                                                                                                                                                                                                                                         f 231/74/250 232/73/252 248/73/273 247/74/271
                                                                                                                                                                                                                                                                                                                                                                                                                                                                                                                                                                                                                                                                                                                                                                                                                                                                                                                                                                                                                                                                                                                                                                                                                                                                                                                                                                                                                                                                                                                                                                                                                                                                                                                                                                                                                                                                                                                                                                                                                                                                                                                                                                                                                                                                                                                                                                                                                                                                                                                                                                                                                                                                                                                                                                                                                                                                                                                                                                                                                                                                                                                                                                                                                                                                                                                                                                                                                                                                                                                                                                                                                                                                                                                                                                                                                                                                                                                                                                                                                                                                                                                                                                                                                                                                                                                                                                                                                                                                                     f 239/62/251 240/63/253 256/63/274 255/62/272
                                                                                                                                                                                                                                                                                                                                                                                                                                                                                                                                                                                                                                                                                                                                                                                                                                                                                                                                                                                                                                                                                                                                                                                                                                                                                                                                                                                                                                                                                                                                                                                                                                                                                                                                                                                                                                                                                                                                                                                                                                                                                                                                                                                                                                                                                                                                                                                                                                                                                                                                                                                                                                                                                                                                                                                                                                                                                                                                                                                                                                                                                                                                                                                                                                                                                                                                                                                                                                                                                                                                                                                                                                                                                                                                                                                                                                                                                                                                                                                                                                                                                                                                                                                                                                                                                                                                                                                                                                                                                                                f 232/73/252 233/72/254 249/72/275 248/73/273
f 240/63/253 241/66/255 257/66/276 256/63/274
                                          f 233/72/254 234/71/256 250/71/277 249/72/275
                                                                                   f 241/66/255 242/64/257 258/64/278 257/66/276
                                                                                                                          f 234/71/256 235/70/258 251/70/266 250/71/277
                                                                                                                                                                f 257/66/276 258/64/278 274/64/279 273/66/280
                                                                                                                                                                                                   f 250/71/277 251/70/266 267/70/281 266/71/282
                                                                                                                                                                                                                                  f 244/77/259 260/77/283 259/65/284 243/65/260
                                                                                                                                                                                                                                                                f 297/65/285 281/72/286 282/71/264 298/65/263
                                                                                                                                                                                                                                                                                            f 251/70/266 252/69/265 268/69/287 267/70/281
                                                                                                                                                                                                                                                                                                                       f 244/77/259 245/76/267 261/76/288 260/77/283
                                                                                                                                                                                                                                                                                                                                               f 252/69/265 253/68/268 269/68/289 268/69/287
                                                                                                                                                                                                                                                                                                                                                                                         f 245/76/267 246/75/269 262/75/290 261/76/288
                                                                                                                                                                                                                                                                                                                                                                                                                                  f 253/68/268 254/67/270 270/67/291 269/68/289
                                                                                                                                                                                                                                                                                                                                                                                                                                                                         f 246/75/269 247/74/271 263/74/292 262/75/290
                                                                                                                                                                                                                                                                                                                                                                                                                                                                                                               f 254/67/270 255/62/272 271/62/293 270/67/291
                                                                                                                                                                                                                                                                                                                                                                                                                                                                                                                                                  f 247/74/271 248/73/273 264/73/294 263/74/292
                                                                                                                                                                                                                                                                                                                                                                                                                                                                                                                                                                                 f 255/62/272 256/63/274 272/63/295 271/62/293
                                                                                                                                                                                                                                                                                                                                                                                                                                                                                                                                                                                                               f 248/73/273 249/72/275 265/72/296 264/73/294
                                                                                                                                                                                                                                                                                                                                                                                                                                                                                                                                                                                                                                           f 256/63/274 257/66/276 273/66/280 272/63/295
                                                                                                                                                                                                                                                                                                                                                                                                                                                                                                                                                                                                                                                                      f 249/72/275 250/71/277 266/71/282 265/72/296
                                                                                                                                                                                                                                                                                                                                                                                                                                                                                                                                                                                                                                                                        f 272/63/295 273/66/280 289/66/142 288/63/163
                                                                                                                                                                                                                                                                                                                                                                                                                                                                                                                                                                                                                                                                                                                  f 265/72/296 266/71/282 282/71/264 281/72/286
                                                                                                                                                                                                                                                                                                                                                                                                                                                                                                                                                                                                                                                                                                                                                           f 273/66/280 274/64/279 290/64/134 289/66/142
                                                                                                                                                                                                                                                                                                                                                                                                                                                                                                                                                                                                                                                                                                                                                                                                  f 266/71/282 267/70/281 283/70/261 282/71/264
                                                                                                                                                                                                                                                                                                                                                                                                                                                                                                                                                                                                                                                                                                                                                                                                                                        f 260/77/283 276/77/55 275/65/297 259/65/284
                                                                                                                                                                                                                                                                                                                                                                                                                                                                                                                                                                                                                                                                                                                                                                                                                                                                          f 296/65/116 280/73/115 281/72/286 297/65/285
                                                                                                                                                                                                                                                                                                                                                                                                                                                                                                                                                                                                                                                                                                                                                                                                                                                                                                         f 267/70/281 268/69/287 284/69/242 283/70/261
                                                                                                                                                                                                                                                                                                                                                                                                                                                                                                                                                                                                                                                                                                                                                                                                                                                                                                                                       f 260/77/283 261/76/288 277/76/56 276/77/55
                                                                                                                                                                                                                                                                                                                                                                                                                                                                                                                                                                                                                                                                                                                                                                                                                                                                                                                                                                   f 268/69/287 269/68/289 285/68/223 284/69/242
                                                                                                                                                                                                                                                                                                                                                                                                                                                                                                                                                                                                                                                                                                                                                                                                                                                                                                                                                                                              f 261/76/288 262/75/290 278/75/76 277/76/56
                                                                                                                                                                                                                                                                                                                                                                                                                                                                                                                                                                                                                                                                                                                                                                                                                                                                                                                                                                                              f 269/68/289 270/67/291 286/67/203 285/68/223
                                                                                                                                                                                                                                                                                                                                                                                                                                                                                                                                                                                                                                                                                                                                                                                                                                                                                                                                                                                                                                        f 262/75/290 263/74/292 279/74/96 278/75/76
                                                                                                                                                                                                                                                                                                                                                                                                                                                                                                                                                                                                                                                                                                                                                                                                                                                                                                                                                                                                                                                                                f 270/67/291 271/62/293 287/62/183 286/67/203
                                                                                                                                                                                                                                                                                                                                                                                                                                                                                                                                                                                                                                                                                                                                                                                                                                                                                                                                                                                                                                                                                                                       f 263/74/292 264/73/294 280/73/115 279/74/96
                                                                                                                                                                                                                                                                                                                                                                                                                                                                                                                                                                                                                                                                                                                                                                                                                                                                                                                                                                                                                                                                                                                                                             f 271/62/293 272/63/295 288/63/163 287/62/183
                                                                                                                                                                                                                                                                                                                                                                                                                                                                                                                                                                                                                                                                                                                                                                                                                                                                                                                                                                                                                                                                                                                                                                                                f 264/73/294 265/72/296 281/72/286 280/73/115
                                                                                                                                                                                                                                                                                                                                                                                                                                                                                                                                                                                                                                                                                                                                                                                                                                                                                                                                                                                                                                                                                                                                                                                                                               f 308/79/298 242/64/257 226/64/239 309/80/299
                                                                                                                                                                                                                                                                                                                                                                                                                                                                                                                                                                                                                                                                                                                                                                                                                                                                                                                                                                                                                                                                                                                                                                                                                                                             f 307/81/135 290/64/134 274/64/279 310/82/300
                                                                                                                                                                                                                                                                                                                                                                                                                                                                                                                                                                                                                                                                                                                                                                                                                                                                                                                                                                                                                                                                                                                                                                                                                                                                                         f 309/83/299 226/64/239 210/64/219 194/65/301
                                                                                                                                                                                                                                                                                                                                                                                                                                                                                                                                                                                                                                                                                                                                                                                                                                                                                                                                                                                                                                                                                                                                                                                                                                                                                                                    f 291/65/302 275/65/297 276/77/55 292/65/54
                                                                                                                                                                                                                                                                                                                                                                                                                                                                                                                                                                                                                                                                                                                                                                                                                                                                                                                                                                                                                                                                                                                                                                                                                                                                                              f 310/84/300 274/64/279 258/64/278 311/85/303
                                                                                                                                                                                                                                                                                                                                                                                                                                                                                                                                                                                                                                                                                                                                                                                                                                                                                                                                                                                                                                                                                                                                                                                                                                                                                                                                        f 193/64/199 177/65/304 194/65/301 210/64/219
                                                                                                                                                                                                                                                                                                                                                                                                                                                                                                                                                                                                                                                                                                                                                                                                                                                                                                                                                                                                                                                                                                                                                                                                                                                                                                                                                                                 f 176/64/179 160/65/305 177/65/304 193/64/199
                                                                                                                                                                                                                                                                                                                                                                                                                                                                                                                                                                                                                                                                                                                                                                                                                                                                                                                                                                                                                                                                                                                                                                                                                                                                                                                                                                                                                        f 311/84/303 258/64/278 242/64/257 308/86/298
                                                                                                                                                                                                                                                                                                                                                                                                                                                                                                                                                                                                                                                                                                                                                                                                                                                                                                                                                                                                                                                                                                                                                                                                                                                                                                                                                                                                                                                              f 176/64/179 159/64/158 143/65/306 160/65/305
                                                                                                                                                                                                                                                                                                                                                                                                                                                                                                                                                                                                                                                                                                                                                                                                                                                                                                                                                                                                                                                                                                                                                                                                                                                                                                                                                                                                                                                                                                 f 159/64/158 142/64/154 126/65/307 143/65/306
                                                                                                                                                                                                                                                                                                                                                                                                                                                                                                                                                                                                                                                                                                                                                                                                                                                                                                                                                                                                                                                                                                                                                                                                                                                                                                                                                                                                                                                                                                                                f 142/64/154 125/64/131 109/65/308 126/65/307
                                                                                                                                                                                                                                                                                                                                                                                                                                                                                                                                                                                                                                                                                                                                                                                                                                                                                                                                                                                                                                                                                                                                                                                                                                                                                                                                                                                                                                                                                                                                                              f 125/64/131 108/64/112 92/65/309 109/65/308
                                                                                                                                                                                                                                                                                                                                                                                                                                                                                                                                                                                                                                                                                                                                                                                                                                                                                                                                                                                                                                                                                                                                                                                                                                                                                                                                                                                                                                                                                                                                                                                         f 108/64/112 91/64/92 75/65/310 92/65/309
                                                                                                                                                                                                                                                                                                                                                                                                                                                                                                                                                                                                                                                                                                                                                                                                                                                                                                                                                                                                                                                                                                                                                                                                                                                                                                                                                                                                                                                                                                                                                                                                                 f 91/64/92 74/64/72 58/65/311 75/65/310
                                                                                                                                                                                                                                                                                                                                                                                                                                                                                                                                                                                                                                                                                                                                                                                                                                                                                                                                                                                                                                                                                                                                                                                                                                                                                                                                                                                                                                                                                                                                                                                         f 74/64/72 57/64/50 41/65/312 58/65/311
                                                                                                                                                                                                                                                                                                                                                                                                                                                                                                                                                                                                                                                                                                                                                                                                                                                                                                                                                                                                                                                                                                                                                                                                                                                                                                                                                                                                                                                                                                                                                                                                                             f 57/64/50 40/64/11 24/65/14 41/65/312
                                                                                                                                                                                                                                                                                                                                                                                                                                                                                                                                                                                                                                                                                                                                                                                                                                                                                                                                                                                                                                                                                                                                                                                                                                                                                                                                                                                                                                                                                                                                                                                                                                                               f 291/65/302 13/65/313 275/65/297
                                                                                                                                                                                                                                                                                                                                                                                                                                                                                                                                                                                                                                                                                                                                                                                                                                                                                                                                                                                                                                                                                                                                                                                                                                                                                                                                                                                                                                                                                                                                                                                                                                                                               f 275/65/297 13/65/313 259/65/284
                                                                                                                                                                                                                                                                                                                                                                                                                                                                                                                                                                                                                                                                                                                                                                                                                                                                                                                                                                                                                                                                                                                                                                                                                                                                                                                                                                                                                                                                                                                                                                                                                                                                                                         f 243/65/260 13/65/313 227/65/245
                                                                                                                                                                                                                                                                                                                                                                                                                                                                                                                                                                                                                                                                                                                                                                                                                                                                                                                                                                                                                                                                                                                                                                                                                                                                                                                                                                                                                                                                                                                                                                                                                                                                               f 227/65/245 13/65/313 211/65/241
                                                                                                                                                                                                                                                                                                                                                                                                                                                                                                                                                                                                                                                                                                                                                                                                                                                                                                                                                                                                                                                                                                                                                                                                                                                                                                                                                                                                                                                                                                                                                                                                                                                                                                  f 211/65/241 13/65/313 195/65/222
                                                                                                                                                                                                                                                                                                                                                                                                                                                                                                                                                                                                                                                                                                                                                                                                                                                                                                                                                                                                                                                                                                                                                                                                                                                                                                                                                                                                                                                                                                                                                                                                                                                                                                                               f 195/65/222 13/65/313 178/65/202
                                                                                                                                                                                                                                                                                                                                                                                                                                                                                                                                                                                                                                                                                                                                                                                                                                                                                                                                                                                                                                                                                                                                                                                                                                                                                                                                                                                                                                                                                                                                                                                                                                                                                                                                               f 178/65/202 13/65/313 161/65/182
                                                                                                                                                                                                                                                                                                                                                                                                                                                                                                                                                                                                                                                                                                                                                                                                                                                                                                                                                                                                                                                                                                                                                                                                                                                                                                                                                                                                                                                                                                                                                                                                                                                                                                                                                                         f 161/65/182 13/65/313 144/65/162
                                                                                                                                                                                                                                                                                                                                                                                                                                                                                                                                                                                                                                                                                                                                                                                                                                                                                                                                                                                                                                                                                                                                                                                                                                                                                                                                                                                                                                                                                                                                                                                                                                                                                                                                                                         f 144/65/162 13/65/313 127/65/141
                                                                                                                                                                                                                                                                                                                                                                                                                                                                                                                                                                                                                                                                                                                                                                                                                                                                                                                                                                                                                                                                                                                                                                                                                                                                                                                                                                                                                                                                                                                                                                                                                                                                                                                                                                                            f 127/65/141 13/65/313 110/65/132
                                                                                                                                                                                                                                                                                                                                                                                                                                                                                                                                                                                                                                                                                                                                                                                                                                                                                                                                                                                                                                                                                                                                                                                                                                                                                                                                                                                                                                                                                                                                                                                                                                                                                                                                                                                                                         f 110/65/132 13/65/313 93/65/114
                                                                                                                                                                                                                                                                                                                                                                                                                                                                                                                                                                                                                                                                                                                                                                                                                                                                                                                                                                                                                                                                                                                                                                                                                                                                                                                                                                                                                                                                                                                                                                                                                                                                                                                                                                                                                                         f 93/65/114 13/65/313 76/65/95
                                                                                                                                                                                                                                                                                                                                                                                                                                                                                                                                                                                                                                                                                                                                                                                                                                                                                                                                                                                                                                                                                                                                                                                                                                                                                                                                                                                                                                                                                                                                                                                                                                                                                                                                                                                                                                                                 f 76/65/95 13/65/313 59/65/75
f 59/65/75 13/65/313 42/65/53
                 f 42/65/53 13/65/313 25/65/41
                                           f 25/65/41 13/65/313 3/65/42
                                                         f 259/65/284 13/65/313 243/65/260
